"id","full_name","birth_date","created_at","updated_at","deleted_at","deleted_reason","first_name","last_name","gender","nationality","notes"
"02398325-7fad-4330-988b-34afb8995f26","Test User bfa9aaec","1990-01-01","2026-01-08 21:22:08.573998+00","2026-01-08 21:22:08.573998+00",,,"Test","Userbfa9aaec","masculino","brasileira",
"025420e0-5e9c-41ba-bf95-d39843d7996a","E2E_Invite_1768016454718_C367En","2026-01-10","2026-01-10 03:40:55.26465+00","2026-01-10 03:40:55.26465+00",,,"E2E_Invite_1768016454718_C367En","","feminino","brasileira",
"0259afd5-6bf4-41b0-b7ba-aafc3031836e","E2E_Invite_1768016478947_Wx0Aq","2026-01-10","2026-01-10 03:41:19.549131+00","2026-01-10 03:41:19.549131+00",,,"E2E_Invite_1768016478947_Wx0Aq","","feminino","brasileira",
"02656024-463b-4496-a025-24931b6a6b7a","Test User 1679c0c9","1990-01-01","2026-01-08 22:10:51.473111+00","2026-01-08 22:10:51.473111+00",,,"Test","User1679c0c9","masculino","brasileira",
"029242d2-6488-4035-84dc-1f6007fd6df8","Test User 71eb1c6d","1990-01-01","2026-01-08 22:06:36.144126+00","2026-01-08 22:06:36.144126+00",,,"Test","User71eb1c6d","masculino","brasileira",
"0383029b-22c7-4f28-9785-d453e0dfd4ee","Test User bfe3b7d8","1990-01-01","2026-01-08 22:10:35.4131+00","2026-01-08 22:10:35.4131+00",,,"Test","Userbfe3b7d8","masculino","brasileira",
"03b96998-8258-4b83-9d6e-97df39681013","E2E_Invite_1768016886903_Rwhbkvn","2026-01-10","2026-01-10 03:48:07.482113+00","2026-01-10 03:48:07.482113+00",,,"E2E_Invite_1768016886903_Rwhbkvn","","feminino","brasileira",
"03f0b9e8-44d5-487a-9e3a-4d68f4bbd144","E2E_Invite_1768017465968_A8Wbdn","2026-01-10","2026-01-10 03:57:46.620519+00","2026-01-10 03:57:46.620519+00",,,"E2E_Invite_1768017465968_A8Wbdn","","feminino","brasileira",
"043c1591-1fdf-4998-8a12-79938120714e","Test User 03745ff5","1990-01-01","2026-01-08 21:21:53.757025+00","2026-01-08 21:21:53.757025+00",,,"Test","User03745ff5","masculino","brasileira",
"051f253b-6cc0-4cda-b89e-a7571ab6114b","Smoke Test 2a47d478","2000-01-15","2026-01-01 13:00:11.356005+00","2026-01-07 02:15:07.68678+00","2026-01-07 02:15:07.68678+00","reset_to_production","Smoke","Test 2a47d478","feminino","brasileira",
"06d67096-0120-41c2-93f9-deca93cd3f79","Pendente.Teste.222359","2026-01-07","2026-01-07 01:24:01.102409+00","2026-01-07 02:15:07.68678+00","2026-01-07 02:15:07.68678+00","reset_to_production","Pendente.Teste.222359","","feminino","brasileira",
"0708c058-8718-4497-990d-b8180f412315","Verify.1767959495329","2026-01-09","2026-01-09 11:51:36.99289+00","2026-01-09 11:51:36.99289+00",,,"Verify.1767959495329","","feminino","brasileira",
"07510ec5-aad2-4ec1-b8db-cf42b4d1bd32","Test User 3e1439b2","1990-01-01","2026-01-08 20:54:03.282737+00","2026-01-08 20:54:03.282737+00",,,"Test","User3e1439b2","masculino","brasileira",
"078bfce7-596a-4eed-bddb-9553363f47d6","PessoaCoordenador Teste1767507493","1990-05-15","2026-01-04 06:18:17.33803+00","2026-01-07 02:15:07.68678+00","2026-01-07 02:15:07.68678+00","reset_to_production","PessoaCoordenador","Teste1767507493","masculino","brasileira",
"07d7fcc0-2fb8-46cf-ad99-ed7799a17055","Test User 1ee1a1df","1990-01-01","2026-01-08 20:16:37.184558+00","2026-01-08 20:16:37.184558+00",,,"Test","User1ee1a1df","masculino","brasileira",
"095b7865-6d42-4f7a-8845-15b533b16aa2","Smoke Test 0db00c94","2000-01-15","2026-01-01 13:04:07.057672+00","2026-01-07 02:15:07.68678+00","2026-01-07 02:15:07.68678+00","reset_to_production","Smoke","Test 0db00c94","feminino","brasileira",
"0983033e-3b74-49aa-8ac8-e9e62fb373a8","Handtv.Rj",,"2026-01-06 16:18:15.088434+00","2026-01-07 02:15:07.68678+00","2026-01-07 02:15:07.68678+00","reset_to_production","Handtv.Rj","",,"brasileira",
"0ac9bf8f-89e0-4f58-b212-f1f2e2d3b6ac","Test User 64e51107","1990-01-01","2026-01-08 20:16:27.032551+00","2026-01-08 20:16:27.032551+00",,,"Test","User64e51107","masculino","brasileira",
"0b2072ba-3f44-4f9c-a261-36e01d17338e","E2E_Invite_1768016780837_K0C0K","2026-01-10","2026-01-10 03:46:21.531454+00","2026-01-10 03:46:21.531454+00",,,"E2E_Invite_1768016780837_K0C0K","","feminino","brasileira",
"0bf72e53-75a7-4445-8dd4-5b37ede589eb","Tasfa","2026-01-07","2026-01-07 01:44:38.46025+00","2026-01-07 02:15:07.68678+00","2026-01-07 02:15:07.68678+00","reset_to_production","Tasfa","","feminino","brasileira",
"0c9b5b9d-d829-4a61-aa75-c148a360eb03","Test User f2cdcbdd","1990-01-01","2026-01-08 21:13:05.841391+00","2026-01-08 21:13:05.841391+00",,,"Test","Userf2cdcbdd","masculino","brasileira",
"0cf00f21-3904-4717-bc06-828bdadadd70","E2E_Invite_1768017017109_Fj41D8","2026-01-10","2026-01-10 03:50:17.727666+00","2026-01-10 03:50:17.727666+00",,,"E2E_Invite_1768017017109_Fj41D8","","feminino","brasileira",
"0ebcd2ce-56f1-44f9-8c6e-52a93cadf89d","Test User 7af68836","1990-01-01","2026-01-08 21:18:47.662312+00","2026-01-08 21:18:47.662312+00",,,"Test","User7af68836","masculino","brasileira",
"100e3b90-f158-4250-9513-c33e0f266a79","Test User 56156c6b","1990-01-01","2026-01-08 20:54:07.818605+00","2026-01-08 20:54:07.818605+00",,,"Test","User56156c6b","masculino","brasileira",
"10356d81-3689-4f2b-963e-ad7d1cb834a8","Test User d474b47a","1990-01-01","2026-01-08 21:27:32.435874+00","2026-01-08 21:27:32.435874+00",,,"Test","Userd474b47a","masculino","brasileira",
"10d6fe92-2b35-4dd2-8233-bd95412f84b0","Test User ae61701f","1990-01-01","2026-01-08 23:12:54.074936+00","2026-01-08 23:12:54.074936+00",,,"Test","Userae61701f","masculino","brasileira",
"10fd2ce1-cbbd-4cd0-8529-61680703e905","Test User 8bcbf838","1990-01-01","2026-01-08 19:57:24.272816+00","2026-01-08 19:57:24.272816+00",,,"Test","User8bcbf838","masculino","brasileira",
"1149fa77-c0d1-4b01-97b8-26a27237a442","Test User 50e8bfe7","1990-01-01","2026-01-08 22:10:42.12512+00","2026-01-08 22:10:42.12512+00",,,"Test","User50e8bfe7","masculino","brasileira",
"116465e6-a6a4-479d-a0f4-1d6d407fa8e9","Test User 36304016","1990-01-01","2026-01-08 22:00:16.144798+00","2026-01-08 22:00:16.144798+00",,,"Test","User36304016","masculino","brasileira",
"130cb405-ee0a-47d7-84d8-19119d6b4879","Test User bc8ae03a","1990-01-01","2026-01-08 21:27:19.071978+00","2026-01-08 21:27:19.071978+00",,,"Test","Userbc8ae03a","masculino","brasileira",
"135165fa-5b5a-4cc9-aea7-dd220d4028f2","E2E_Invite_1768017307362_Do04F8","2026-01-10","2026-01-10 03:55:08.040858+00","2026-01-10 03:55:08.040858+00",,,"E2E_Invite_1768017307362_Do04F8","","feminino","brasileira",
"150c1e33-a6c4-41c0-ae35-57cf3536ba1c","Test User f794327b","1990-01-01","2026-01-08 22:45:49.773287+00","2026-01-08 22:45:49.773287+00",,,"Test","Userf794327b","masculino","brasileira",
"154ec31b-42f6-458b-9d7c-feda02385c04","Test User 591d89aa","1990-01-01","2026-01-08 19:59:18.39263+00","2026-01-08 19:59:18.39263+00",,,"Test","User591d89aa","masculino","brasileira",
"1552cb5d-e528-4003-906d-31ca816d81ae","Test User 923181c0","1990-01-01","2026-01-08 21:27:46.652016+00","2026-01-08 21:27:46.652016+00",,,"Test","User923181c0","masculino","brasileira",
"15908242-2763-496c-9b00-96329feaa37f","E2E_Invite_1768015865689_Ew1Aie","2026-01-10","2026-01-10 03:31:06.28284+00","2026-01-10 03:31:06.28284+00",,,"E2E_Invite_1768015865689_Ew1Aie","","feminino","brasileira",
"15a9d588-eee7-4897-ac7f-c7a869b9d71f","Stats.Test.1767938459983","2026-01-09","2026-01-09 06:01:00.222547+00","2026-01-09 06:01:00.222547+00",,,"Stats.Test.1767938459983","","feminino","brasileira",
"15cd67f9-0e2f-4797-80bf-d42f8e5d6337","Test User 735a7b5e","1990-01-01","2026-01-08 23:42:47.902059+00","2026-01-08 23:42:47.902059+00",,,"Test","User735a7b5e","masculino","brasileira",
"16078d1f-6708-4b31-b563-9c6e39449dde","Test User 0c2f793d","1990-01-01","2026-01-08 23:13:26.77821+00","2026-01-08 23:13:26.77821+00",,,"Test","User0c2f793d","masculino","brasileira",
"167b1550-ac88-4ebc-b90e-383f89dbd99f","Test User 900dc0d0","1990-01-01","2026-01-08 21:32:23.442743+00","2026-01-08 21:32:23.442743+00",,,"Test","User900dc0d0","masculino","brasileira",
"16d929bd-20c7-40ee-b6c2-5eb184d062cd","Test User 351a0d6b","1990-01-01","2026-01-08 21:30:04.259945+00","2026-01-08 21:30:04.259945+00",,,"Test","User351a0d6b","masculino","brasileira",
"17006490-1dd4-4604-bb0a-94c11f408725","Test User 9caf108b","1990-01-01","2026-01-08 21:24:03.250548+00","2026-01-08 21:24:03.250548+00",,,"Test","User9caf108b","masculino","brasileira",
"180dda20-bfe1-4371-81d6-61a81e8529c9","E2E_Invite_1768015840886_5Uchgo","2026-01-10","2026-01-10 03:30:41.619188+00","2026-01-10 03:30:41.619188+00",,,"E2E_Invite_1768015840886_5Uchgo","","feminino","brasileira",
"18b4cda1-bcab-43e9-9901-7c0e9045c816","Test User bea221f0","1990-01-01","2026-01-08 19:59:41.060626+00","2026-01-08 19:59:41.060626+00",,,"Test","Userbea221f0","masculino","brasileira",
"18cf9d02-1368-4fb6-aced-b30c15db35e5","Mariae413e6da Santos","1995-03-20","2026-01-03 04:47:47.574951+00","2026-01-07 02:15:07.68678+00","2026-01-07 02:15:07.68678+00","reset_to_production","Mariae413e6da","Santos","feminino","brasileira",
"1a5ce279-906e-436a-9d2c-31444d8657b0","Test User 73fb4015","1990-01-01","2026-01-08 21:31:38.053851+00","2026-01-08 21:31:38.053851+00",,,"Test","User73fb4015","masculino","brasileira",
"1abb2121-ed2b-40fc-a42d-1472e5961be7","Test User eeffd17b","1990-01-01","2026-01-08 21:12:33.89554+00","2026-01-08 21:12:33.89554+00",,,"Test","Usereeffd17b","masculino","brasileira",
"1b097c69-bf3e-4e6b-b76c-a700f7a02d85","E2E_Invite_1768015830490_44H2Ui","2026-01-10","2026-01-10 03:30:32.075682+00","2026-01-10 03:30:32.075682+00",,,"E2E_Invite_1768015830490_44H2Ui","","feminino","brasileira",
"1b6f162f-3cf0-4fa6-928c-222a7759f0f0","Test User 27b943f9","1990-01-01","2026-01-08 22:06:38.543866+00","2026-01-08 22:06:38.543866+00",,,"Test","User27b943f9","masculino","brasileira",
"1ba98861-c406-4099-a46e-96dca91bc347","Test User 8f80ea0f","1990-01-01","2026-01-08 20:54:10.074605+00","2026-01-08 20:54:10.074605+00",,,"Test","User8f80ea0f","masculino","brasileira",
"1be10c4f-8f4d-4d65-ac51-48bde2d706e7","Stats.Test.1767934966591","2026-01-09","2026-01-09 05:02:46.688819+00","2026-01-09 05:02:46.688819+00",,,"Stats.Test.1767934966591","","feminino","brasileira",
"1c2db6d8-411b-495f-92f2-c3827b6b5904","Test User f67844d4","1990-01-01","2026-01-08 20:16:50.788544+00","2026-01-08 20:16:50.788544+00",,,"Test","Userf67844d4","masculino","brasileira",
"1c31c8fc-4164-46b2-961a-5ca077cba356","Smoke Test 23b38ecf","2000-01-15","2026-01-01 13:07:44.650215+00","2026-01-07 02:15:07.68678+00","2026-01-07 02:15:07.68678+00","reset_to_production","Smoke","Test 23b38ecf","feminino","brasileira",
"1cb11102-55d8-4196-beb3-a4b1b6c166e8","Test User 3be382e1","1990-01-01","2026-01-08 23:43:07.833024+00","2026-01-08 23:43:07.833024+00",,,"Test","User3be382e1","masculino","brasileira",
"1cf20985-b246-4de5-903e-f10c2fd37402","Pendente.Teste.221535","2026-01-07","2026-01-07 01:15:42.795482+00","2026-01-07 02:15:07.68678+00","2026-01-07 02:15:07.68678+00","reset_to_production","Pendente.Teste.221535","","feminino","brasileira",
"1da23202-40f3-4690-aaed-30f7e20e678c","Test User 99c18d2d","1990-01-01","2026-01-08 21:08:32.173675+00","2026-01-08 21:08:32.173675+00",,,"Test","User99c18d2d","masculino","brasileira",
"1de2694d-d520-47d4-92b7-f3c4e49abeda","Test User ea86930f","1990-01-01","2026-01-08 21:27:25.043838+00","2026-01-08 21:27:25.043838+00",,,"Test","Userea86930f","masculino","brasileira",
"1e241d15-f911-49a1-985f-385d92f0ed9f","Test User eabba093","1990-01-01","2026-01-08 22:06:12.855324+00","2026-01-08 22:06:12.855324+00",,,"Test","Usereabba093","masculino","brasileira",
"1ea1f1d3-b3e2-49f7-af3a-29f03a9731a9","Test User eca68f63","1990-01-01","2026-01-08 19:57:06.316894+00","2026-01-08 19:57:06.316894+00",,,"Test","Usereca68f63","masculino","brasileira",
"1ebb23e1-0bfe-443b-aa0a-741310fa1734","Test User 0c33559f","1990-01-01","2026-01-08 23:43:14.265172+00","2026-01-08 23:43:14.265172+00",,,"Test","User0c33559f","masculino","brasileira",
"1f16db9a-7110-4bc9-9c16-26ca06f65bec","Test User f24e7841","1990-01-01","2026-01-08 21:23:58.47165+00","2026-01-08 21:23:58.47165+00",,,"Test","Userf24e7841","masculino","brasileira",
"1f66f484-4a5d-4b0e-8bc7-ae9f8c988b90","Test User d7f949bc","1990-01-01","2026-01-08 23:13:19.418205+00","2026-01-08 23:13:19.418205+00",,,"Test","Userd7f949bc","masculino","brasileira",
"20bbaa8f-b446-49a4-94b3-05a2d2b3d9fd","Test User 2ac61549","1990-01-01","2026-01-08 23:25:15.100452+00","2026-01-08 23:25:15.100452+00",,,"Test","User2ac61549","masculino","brasileira",
"22257de2-9fad-4917-9d8f-4ef2a86fd57d","Test User 12e18481","1990-01-01","2026-01-08 19:59:20.744638+00","2026-01-08 19:59:20.744638+00",,,"Test","User12e18481","masculino","brasileira",
"240642bb-b199-4492-841e-c47e80b4e99b","Test User 20e0be12","1990-01-01","2026-01-08 21:29:55.999275+00","2026-01-08 21:29:55.999275+00",,,"Test","User20e0be12","masculino","brasileira",
"242ed6cd-67f3-498f-9ef4-0adcc0e59945","Test User 217caf94","1990-01-01","2026-01-08 21:19:06.853984+00","2026-01-08 21:19:06.853984+00",,,"Test","User217caf94","masculino","brasileira",
"260a39e9-6a19-40b8-90ef-1397226fcc6e","Testes.Handebol","2026-01-09","2026-01-09 02:11:45.450349+00","2026-01-09 02:11:45.450349+00",,,"Testes.Handebol","","feminino","brasileira",
"26372d46-653b-495d-be38-5f91c9811790","Test User ecc03eb7","1990-01-01","2026-01-08 22:46:23.781267+00","2026-01-08 22:46:23.781267+00",,,"Test","Userecc03eb7","masculino","brasileira",
"2648fbe1-4347-44ca-8bd4-93060b20f3cf","Test User ffe9b75a","1990-01-01","2026-01-08 19:57:19.132755+00","2026-01-08 19:57:19.132755+00",,,"Test","Userffe9b75a","masculino","brasileira",
"264fa46b-7be6-4765-af41-96b2e8792df3","Coach de Teste",,"2026-01-01 01:43:00.652595+00","2026-01-01 01:43:40.161839+00","2025-12-31 22:43:42.252027+00","E2E Test cleanup","Coach","de Teste","masculino","brasileira",
"26be2f4b-f622-4074-b85a-44d0b42b05a0","Test User 060ec791","1990-01-01","2026-01-08 20:53:39.335381+00","2026-01-08 20:53:39.335381+00",,,"Test","User060ec791","masculino","brasileira",
"283af5a7-6b26-430d-8804-fd4759cff3f8","Test User d4df15c6","1990-01-01","2026-01-08 22:21:23.271389+00","2026-01-08 22:21:23.271389+00",,,"Test","Userd4df15c6","masculino","brasileira",
"2842fc0d-0cd7-4020-a9e8-fc1806ff47e9","Remove.1767939494943","2026-01-09","2026-01-09 06:18:15.131671+00","2026-01-09 06:18:15.131671+00",,,"Remove.1767939494943","","feminino","brasileira",
"28e66c5f-2aaf-4156-9443-845ca58ef505","Daniela Costa Sermenho do Nascimento","1984-09-18","2025-12-28 22:48:34.959588+00","2026-01-07 02:15:07.68678+00","2026-01-07 02:15:07.68678+00","reset_to_production","Daniela","Costa Sermenho do Nascimento",,"brasileira",
"295cd848-045c-484d-8f9a-b5d5fcf80522","Atleta Smoke","2005-01-01","2026-01-01 02:51:56.324902+00","2026-01-07 02:15:07.68678+00","2026-01-07 02:15:07.68678+00","reset_to_production","Atleta","Smoke","feminino","brasileira",
"2a64bf68-85dd-431d-8bc9-7ee53ab45073","Stpgrcie",,"2026-01-06 14:42:09.672756+00","2026-01-07 02:15:07.68678+00","2026-01-07 02:15:07.68678+00","reset_to_production","Stpgrcie","",,"brasileira",
"2bc328be-8add-4882-acd4-ec01712dc57a","Test User c82ae6e0","1990-01-01","2026-01-08 19:59:26.116612+00","2026-01-08 19:59:26.116612+00",,,"Test","Userc82ae6e0","masculino","brasileira",
"2c8334e7-d3f3-4c47-92b3-dab327e6ab29","Coach de Teste",,"2026-01-01 01:34:20.677098+00","2026-01-07 02:15:07.68678+00","2026-01-07 02:15:07.68678+00","reset_to_production","Coach","de Teste","masculino","brasileira",
"2d6fdeee-0c00-4cca-b557-44721e950183","Test User deb624ad","1990-01-01","2026-01-08 23:43:11.08532+00","2026-01-08 23:43:11.08532+00",,,"Test","Userdeb624ad","masculino","brasileira",
"2e637564-f2ef-4ac8-8a92-0665675dcdf5","Test User 54c6e6e1","1990-01-01","2026-01-08 23:52:45.109598+00","2026-01-08 23:52:45.109598+00",,,"Test","User54c6e6e1","masculino","brasileira",
"2eaf5e1c-0554-4bd8-b976-f2c26c0baf25","Test User b11f0681","1990-01-01","2026-01-08 23:43:05.537636+00","2026-01-08 23:43:05.537636+00",,,"Test","Userb11f0681","masculino","brasileira",
"2f3dc73c-7353-40f2-896d-1462cb8628ce","Test User e71c6022","1990-01-01","2026-01-08 23:42:53.073765+00","2026-01-08 23:42:53.073765+00",,,"Test","Usere71c6022","masculino","brasileira",
"2fe62874-111a-47ba-a33a-2cbfc2004d4e","Test User ec9a98c9","1990-01-01","2026-01-08 21:18:56.518341+00","2026-01-08 21:18:56.518341+00",,,"Test","Userec9a98c9","masculino","brasileira",
"30724b39-1cb8-4e70-a49d-2cca2a78fc57","Test User 94069762","1990-01-01","2026-01-08 22:34:52.575385+00","2026-01-08 22:34:52.575385+00",,,"Test","User94069762","masculino","brasileira",
"307c5774-a400-4171-9fa7-e54a6b682be9","Test User ed31b685","1990-01-01","2026-01-08 19:57:11.593362+00","2026-01-08 19:57:11.593362+00",,,"Test","Usered31b685","masculino","brasileira",
"30ad2eaf-da87-4bbb-9b8b-6bf6346f59cc","Test User b3ac157a","1990-01-01","2026-01-08 23:13:33.246313+00","2026-01-08 23:13:33.246313+00",,,"Test","Userb3ac157a","masculino","brasileira",
"30ee6872-8da3-466f-a4bf-334c6f90ade1","Test User c8e57545","1990-01-01","2026-01-08 21:23:45.902215+00","2026-01-08 21:23:45.902215+00",,,"Test","Userc8e57545","masculino","brasileira",
"31110f02-d107-48db-8d66-3b1208c09ca2","Test User f127877e","1990-01-01","2026-01-08 19:59:05.69315+00","2026-01-08 19:59:05.69315+00",,,"Test","Userf127877e","masculino","brasileira",
"329ff4cf-4ccc-4807-b43f-02dd394e047f","Test User 1000224f","1990-01-01","2026-01-08 23:13:30.0025+00","2026-01-08 23:13:30.0025+00",,,"Test","User1000224f","masculino","brasileira",
"33304fec-ccdc-4569-aa36-651bd0b70ee9","Test User 449d810b","1990-01-01","2026-01-08 20:53:36.198623+00","2026-01-08 20:53:36.198623+00",,,"Test","User449d810b","masculino","brasileira",
"33493b2f-c8f1-497d-a044-355173421f35","Test User 4c30a089","1990-01-01","2026-01-08 21:27:12.716013+00","2026-01-08 21:27:12.716013+00",,,"Test","User4c30a089","masculino","brasileira",
"34e4e624-0299-41cd-b577-3f8a5b4b2487","E2E_Invite_1768017077878_Qym6Nl","2026-01-10","2026-01-10 03:51:18.499939+00","2026-01-10 03:51:18.499939+00",,,"E2E_Invite_1768017077878_Qym6Nl","","feminino","brasileira",
"350a297c-85ee-46f6-9386-a1371234bc37","Test User a965010c","1990-01-01","2026-01-08 22:21:18.135519+00","2026-01-08 22:21:18.135519+00",,,"Test","Usera965010c","masculino","brasileira",
"350ca82b-e12c-484f-950f-56ef4cc8c7bc","E2E_Invite_1768016350302_Morw1M","2026-01-10","2026-01-10 03:39:11.033844+00","2026-01-10 03:39:11.033844+00",,,"E2E_Invite_1768016350302_Morw1M","","feminino","brasileira",
"35c97430-0b41-4b91-9d72-3445c5dd3319","Test User 314e9907","1990-01-01","2026-01-08 21:31:31.061849+00","2026-01-08 21:31:31.061849+00",,,"Test","User314e9907","masculino","brasileira",
"36699323-3b9b-4bfe-b285-37848773f487","Test User 617943e2","1990-01-01","2026-01-08 21:29:52.823506+00","2026-01-08 21:29:52.823506+00",,,"Test","User617943e2","masculino","brasileira",
"36708311-5b20-425c-9522-d3cb4a0702da","Test User ec62a749","1990-01-01","2026-01-08 22:34:39.023402+00","2026-01-08 22:34:39.023402+00",,,"Test","Userec62a749","masculino","brasileira",
"36acc970-c6f5-4d18-bb2d-cde0a7ff4026","Ana Paula Goleira","2007-07-20","2025-12-31 00:00:18.687971+00","2026-01-07 02:15:07.68678+00","2026-01-07 02:15:07.68678+00","reset_to_production","Ana","Paula Goleira",,"brasileira",
"36faba06-2a09-4191-9a15-e81606b58e5f","Test User ea31bf70","1990-01-01","2026-01-08 21:31:03.357819+00","2026-01-08 21:31:03.357819+00",,,"Test","Userea31bf70","masculino","brasileira",
"36fd9875-9b89-4340-9ad8-138f4d7f348a","Atleta Teste","1990-01-15","2026-01-01 13:01:28.044854+00","2026-01-07 02:15:07.68678+00","2026-01-07 02:15:07.68678+00","reset_to_production","Atleta","Teste","masculino","brasileira",
"37705305-577b-4d40-a086-900ab957d564","Remove.1767940581711","2026-01-09","2026-01-09 06:36:22.103136+00","2026-01-09 06:36:22.103136+00",,,"Remove.1767940581711","","feminino","brasileira",
"37ff7dfb-301f-4c49-88d9-98cf0d426d37","Test User f2ab0fe8","1990-01-01","2026-01-08 21:31:18.2861+00","2026-01-08 21:31:18.2861+00",,,"Test","Userf2ab0fe8","masculino","brasileira",
"38037643-3c87-4a27-b426-0c46b8f08249","PessoaTreinador Teste1767507509","1990-05-15","2026-01-04 06:18:32.680968+00","2026-01-07 02:15:07.68678+00","2026-01-07 02:15:07.68678+00","reset_to_production","PessoaTreinador","Teste1767507509","masculino","brasileira",
"386264c7-2eba-41ff-8d29-e164a7f07495","Test User 96e95b5b","1990-01-01","2026-01-08 20:16:43.308685+00","2026-01-08 20:16:43.308685+00",,,"Test","User96e95b5b","masculino","brasileira",
"38c076fa-c7ba-4290-84c7-3a92ecb916ed","Test User 2e73cc80","1990-01-01","2026-01-08 22:06:18.951003+00","2026-01-08 22:06:18.951003+00",,,"Test","User2e73cc80","masculino","brasileira",
"3a06bf66-b21b-4a60-91a9-630aa5d5cf3a","Test User 670642dc","1990-01-01","2026-01-08 23:53:16.053977+00","2026-01-08 23:53:16.053977+00",,,"Test","User670642dc","masculino","brasileira",
"3a53737c-ccaa-4506-aa8e-f0aeddd2eb49","Pendente.Teste.221639","2026-01-07","2026-01-07 01:16:41.218618+00","2026-01-07 02:15:07.68678+00","2026-01-07 02:15:07.68678+00","reset_to_production","Pendente.Teste.221639","","feminino","brasileira",
"3b248132-3d15-425d-9ff0-6b84a308c5b4","Test User c1a0285b","1990-01-01","2026-01-08 21:19:01.941981+00","2026-01-08 21:19:01.941981+00",,,"Test","Userc1a0285b","masculino","brasileira",
"3bde350e-58ac-4627-bf69-de1a8f130b35","Test User 1ff15e00","1990-01-01","2026-01-08 21:18:33.763269+00","2026-01-08 21:18:33.763269+00",,,"Test","User1ff15e00","masculino","brasileira",
"3dac77da-3703-45c6-8c57-c27c25f9c020","Test User 1e423901","1990-01-01","2026-01-08 22:46:10.645346+00","2026-01-08 22:46:10.645346+00",,,"Test","User1e423901","masculino","brasileira",
"3e3bc417-bb74-4d01-9ef0-e57f134dfe07","Test User e0780463","1990-01-01","2026-01-08 23:12:57.358377+00","2026-01-08 23:12:57.358377+00",,,"Test","Usere0780463","masculino","brasileira",
"3ed73fcf-3658-489a-a06d-f8b821717c8f","Test User 191a5d6e","1990-01-01","2026-01-08 21:21:47.330615+00","2026-01-08 21:21:47.330615+00",,,"Test","User191a5d6e","masculino","brasileira",
"3f406828-077a-475e-83c6-7156a86c2dd6","Test User a6b26bb9","1990-01-01","2026-01-08 22:11:13.369574+00","2026-01-08 22:11:13.369574+00",,,"Test","Usera6b26bb9","masculino","brasileira",
"3f45a8f3-0d2b-4f4f-972e-349555bef014","Joana Silva","2011-02-21","2025-12-31 00:12:42.594158+00","2026-01-07 02:15:07.68678+00","2026-01-07 02:15:07.68678+00","reset_to_production","Joana","Silva",,"brasileira",
"40e11de3-a2bb-4a8b-8647-131f5e3a2b80","Test User 6e81a9b7","1990-01-01","2026-01-08 21:22:00.158772+00","2026-01-08 21:22:00.158772+00",,,"Test","User6e81a9b7","masculino","brasileira",
"40eb86e0-62d5-4e94-813c-969cd4d14cf1","Test User 019b8c7f","1990-01-01","2026-01-08 22:46:05.556096+00","2026-01-08 22:46:05.556096+00",,,"Test","User019b8c7f","masculino","brasileira",
"413c4808-f4ed-4e92-b088-dcdb88facb6d","Test User 9d743dec","1990-01-01","2026-01-08 21:29:43.135293+00","2026-01-08 21:29:43.135293+00",,,"Test","User9d743dec","masculino","brasileira",
"41aaf818-528d-4c07-a558-fe19742f6b27","Test User a20e7d3b","1990-01-01","2026-01-08 21:22:25.774271+00","2026-01-08 21:22:25.774271+00",,,"Test","Usera20e7d3b","masculino","brasileira",
"41e598d5-0a08-4028-ba9a-4b639a0eb864","E2E_Invite_1768017892377_14Ivh","2026-01-10","2026-01-10 04:04:54.163792+00","2026-01-10 04:04:54.163792+00",,,"E2E_Invite_1768017892377_14Ivh","","feminino","brasileira",
"4210b6ab-9fd8-4bec-b930-810ec974e5ff","Test User 115c6449","1990-01-01","2026-01-08 22:10:45.36902+00","2026-01-08 22:10:45.36902+00",,,"Test","User115c6449","masculino","brasileira",
"42a41f23-f608-4ef4-892f-412c3d717b70","Test User 28a2e955","1990-01-01","2026-01-08 20:16:55.981356+00","2026-01-08 20:16:55.981356+00",,,"Test","User28a2e955","masculino","brasileira",
"42e89b62-d9cd-428f-b226-9355f1f9f1be","Test User a4a0ce78","1990-01-01","2026-01-08 23:13:36.498304+00","2026-01-08 23:13:36.498304+00",,,"Test","Usera4a0ce78","masculino","brasileira",
"4323bf1e-b4c5-4f2d-a6f1-ab0757d8df33","Test User 2459c424","1990-01-01","2026-01-08 20:53:50.862739+00","2026-01-08 20:53:50.862739+00",,,"Test","User2459c424","masculino","brasileira",
"43d62b83-8e9f-4f25-b2c2-b893310878fd","E2E_Invite_1768016083253_Rituwh","2026-01-10","2026-01-10 03:34:45.419413+00","2026-01-10 03:34:45.419413+00",,,"E2E_Invite_1768016083253_Rituwh","","feminino","brasileira",
"43ea07b8-6019-4b34-af23-0feb534621a0","Test User f831258f","1990-01-01","2026-01-08 22:06:03.126965+00","2026-01-08 22:06:03.126965+00",,,"Test","Userf831258f","masculino","brasileira",
"44b21e61-8bf7-46ad-953c-2cdf35952dd4","Test User f23b7c12","1990-01-01","2026-01-08 21:23:36.666346+00","2026-01-08 21:23:36.666346+00",,,"Test","Userf23b7c12","masculino","brasileira",
"44f30b0b-5cbe-4ee8-a044-8afb520fc8c8","Test User 5a64b6a3","1990-01-01","2026-01-08 22:10:38.789009+00","2026-01-08 22:10:38.789009+00",,,"Test","User5a64b6a3","masculino","brasileira",
"460487cf-6949-41ac-bb65-eb95ea0846a1","Test User 29088d6a","1990-01-01","2026-01-08 21:24:05.626066+00","2026-01-08 21:24:05.626066+00",,,"Test","User29088d6a","masculino","brasileira",
"466ba73c-f69b-4eb3-98db-4893ad5dd025","E2E.Test.1767959472469","2026-01-09","2026-01-09 11:51:14.091333+00","2026-01-09 11:51:14.091333+00",,,"E2E.Test.1767959472469","","feminino","brasileira",
"46926909-a498-4f3c-8831-a80d8ec008ed","Stats.Test.1767935026750","2026-01-09","2026-01-09 05:03:46.815725+00","2026-01-09 05:03:46.815725+00",,,"Stats.Test.1767935026750","","feminino","brasileira",
"470c5761-e6d1-4665-aa95-39d0f42a1934","Test User 3634b0b9","1990-01-01","2026-01-08 22:21:25.547527+00","2026-01-08 22:21:25.547527+00",,,"Test","User3634b0b9","masculino","brasileira",
"47448a93-4f58-4b64-90c1-94b8dc1a744b","Test User ef9cb7c4","1990-01-01","2026-01-08 21:23:39.898423+00","2026-01-08 21:23:39.898423+00",,,"Test","Useref9cb7c4","masculino","brasileira",
"478fb7bb-511e-4761-8afc-3aa2b8d48d03","E2E_Invite_1768017873698_F8Hq2V","2026-01-10","2026-01-10 04:04:34.30852+00","2026-01-10 04:04:34.30852+00",,,"E2E_Invite_1768017873698_F8Hq2V","","feminino","brasileira",
"490da521-7a0b-442f-bb5c-9a7498581d21","Test User 51f18445","1990-01-01","2026-01-08 20:53:42.57065+00","2026-01-08 20:53:42.57065+00",,,"Test","User51f18445","masculino","brasileira",
"4985670b-a962-44c7-a70e-202a46988032","Test User 24958b07","1990-01-01","2026-01-08 21:08:36.989671+00","2026-01-08 21:08:36.989671+00",,,"Test","User24958b07","masculino","brasileira",
"4b2786f7-aaf7-44bc-a42c-0b7c31f30192","Test User bb6cb5dd","1990-01-01","2026-01-08 19:57:04.016126+00","2026-01-08 19:57:04.016126+00",,,"Test","Userbb6cb5dd","masculino","brasileira",
"4b4ac0dd-2830-4842-a48d-917ae6f3f355","Test User 6c54f2be","1990-01-01","2026-01-08 21:22:18.806079+00","2026-01-08 21:22:18.806079+00",,,"Test","User6c54f2be","masculino","brasileira",
"4c1ed832-6e23-4196-aa3a-f6b36c0c929f","Test User f1bd6eff","1990-01-01","2026-01-08 22:20:58.10845+00","2026-01-08 22:20:58.10845+00",,,"Test","Userf1bd6eff","masculino","brasileira",
"4ce82199-ad76-45f0-afb6-ef150cca5492","Test User 407e96a7","1990-01-01","2026-01-08 22:06:09.594998+00","2026-01-08 22:06:09.594998+00",,,"Test","User407e96a7","masculino","brasileira",
"4ceedaf2-16f6-4ce6-bc37-daf649d8ecb6","Test User 36365a7c","1990-01-01","2026-01-08 21:08:39.530018+00","2026-01-08 21:08:39.530018+00",,,"Test","User36365a7c","masculino","brasileira",
"4e475e32-9e4e-4bc7-a9cd-329159fa44c4","Test User 026a5c50","1990-01-01","2026-01-08 22:00:20.772643+00","2026-01-08 22:00:20.772643+00",,,"Test","User026a5c50","masculino","brasileira",
"4e5eb53f-d6a3-4c72-9c41-914ab0c05133","Test User 2a2d60c9","1990-01-01","2026-01-08 21:59:42.505405+00","2026-01-08 21:59:42.505405+00",,,"Test","User2a2d60c9","masculino","brasileira",
"4eb1e658-42df-473e-9bb7-b6b139e5049d","Test User b4a26383","1990-01-01","2026-01-08 21:13:00.457396+00","2026-01-08 21:13:00.457396+00",,,"Test","Userb4a26383","masculino","brasileira",
"4f0a205d-9c60-4dcc-9fbf-1a33218e522e","Coordenador Smoke",,"2026-01-01 02:51:26.094056+00","2026-01-07 02:15:07.68678+00","2026-01-07 02:15:07.68678+00","reset_to_production","Coordenador","Smoke","masculino","brasileira",
"4f937020-acb8-42a7-ba89-6b29e96d7458","Test User b5480052","1990-01-01","2026-01-08 21:22:13.693983+00","2026-01-08 21:22:13.693983+00",,,"Test","Userb5480052","masculino","brasileira",
"5184ec6a-8c6f-493b-a722-91f67efe6309","Test User fedcf81e","1990-01-01","2026-01-08 22:21:01.312247+00","2026-01-08 22:21:01.312247+00",,,"Test","Userfedcf81e","masculino","brasileira",
"51d85a1f-ad65-468f-9eac-b7683ab55d49","Julia Costa Testes","2008-03-10","2025-12-31 00:00:03.275994+00","2026-01-07 02:15:07.68678+00","2026-01-07 02:15:07.68678+00","reset_to_production","Julia","Costa Testes",,"brasileira",
"52a84922-09a9-40f2-aab6-47753d7957da","Test User 182f8940","1990-01-01","2026-01-08 22:11:03.997344+00","2026-01-08 22:11:03.997344+00",,,"Test","User182f8940","masculino","brasileira",
"5525bf1a-aabf-4a67-93a5-06735d9b6b6e","Daniela Sermenho","1984-09-18","2025-12-30 02:40:02.687459+00","2026-01-07 02:15:07.68678+00","2026-01-07 02:15:07.68678+00","reset_to_production","Daniela","Sermenho",,"brasileira",
"560d69d4-4092-4d52-9a33-91ca66c51f4c","Rodrigo Pereira","1985-03-15","2025-12-29 00:53:29.140701+00","2026-01-07 02:15:07.68678+00","2026-01-07 02:15:07.68678+00","reset_to_production","Rodrigo","Pereira",,"brasileira",
"570a6ddc-4876-410d-93fc-e98adb55ceca","E2E_Invite_1768016445335_Z6L8W","2026-01-10","2026-01-10 03:40:45.997114+00","2026-01-10 03:40:45.997114+00",,,"E2E_Invite_1768016445335_Z6L8W","","feminino","brasileira",
"5792772b-e49f-47f6-8189-49579c0fd903","Test User b98bb444","1990-01-01","2026-01-08 21:30:01.955215+00","2026-01-08 21:30:01.955215+00",,,"Test","Userb98bb444","masculino","brasileira",
"587bd2a2-8413-4718-b0f4-4eee806da5b9","Test User e60d2434","1990-01-01","2026-01-08 21:27:44.396039+00","2026-01-08 21:27:44.396039+00",,,"Test","Usere60d2434","masculino","brasileira",
"596f126b-d3ca-40df-ba7b-e36ae9d04177","E2E_Invite_1768017113035_Gmztc","2026-01-10","2026-01-10 03:51:54.563339+00","2026-01-10 03:51:54.563339+00",,,"E2E_Invite_1768017113035_Gmztc","","feminino","brasileira",
"59974443-a065-4a41-bbc9-6e2fd32529c2","Test User 306be944","1990-01-01","2026-01-08 22:11:08.64096+00","2026-01-08 22:11:08.64096+00",,,"Test","User306be944","masculino","brasileira",
"599a2b33-a06a-4a5c-927d-abaa36bf5f29","Test User f67a4fd4","1990-01-01","2026-01-08 21:21:50.550454+00","2026-01-08 21:21:50.550454+00",,,"Test","Userf67a4fd4","masculino","brasileira",
"59cbd68d-d3c5-4e5f-acfc-8623cc9c1665","Test User 37fe38e3","1990-01-01","2026-01-08 22:00:08.795778+00","2026-01-08 22:00:08.795778+00",,,"Test","User37fe38e3","masculino","brasileira",
"5a122c76-7ca3-4573-b4f7-bc013c62934c","Test User 66454590","1990-01-01","2026-01-08 22:06:40.871719+00","2026-01-08 22:06:40.871719+00",,,"Test","User66454590","masculino","brasileira",
"5bb40214-d558-4c96-9e76-16a11d97b983","Test User 9526475a","1990-01-01","2026-01-08 23:24:52.470302+00","2026-01-08 23:24:52.470302+00",,,"Test","User9526475a","masculino","brasileira",
"5be386af-e2b0-43c4-8436-4e99fdf61d23","Test User 7a1b4561","1990-01-01","2026-01-08 23:13:00.554227+00","2026-01-08 23:13:00.554227+00",,,"Test","User7a1b4561","masculino","brasileira",
"5cdb0f98-d589-43be-9c88-75ccbf2b0e5f","Test User ada97df8","1990-01-01","2026-01-08 20:51:02.546522+00","2026-01-08 20:51:02.546522+00",,,"Test","Userada97df8","masculino","brasileira",
"5f53d3a1-73b9-4c54-a521-a9986ecd9a32","Test User 4c9f491e","1990-01-01","2026-01-08 22:06:33.883712+00","2026-01-08 22:06:33.883712+00",,,"Test","User4c9f491e","masculino","brasileira",
"60c6b2a6-292e-403c-ba9d-e3a6af148ac5","Test User ecd2237c","1990-01-01","2026-01-08 21:32:13.358153+00","2026-01-08 21:32:13.358153+00",,,"Test","Userecd2237c","masculino","brasileira",
"6134f5d7-9f95-4693-978a-a3572a7bde87","Test User 87355589","1990-01-01","2026-01-08 21:30:22.315263+00","2026-01-08 21:30:22.315263+00",,,"Test","User87355589","masculino","brasileira",
"615a9d2e-004d-47cb-82fd-73de808772c7","Test User 5f59559d","1990-01-01","2026-01-08 20:51:12.826545+00","2026-01-08 20:51:12.826545+00",,,"Test","User5f59559d","masculino","brasileira",
"616333dd-2d63-4a03-81d0-d88ed6dab985","Test User 77d9889f","1990-01-01","2026-01-08 21:22:28.150381+00","2026-01-08 21:22:28.150381+00",,,"Test","User77d9889f","masculino","brasileira",
"61e3297f-2cc3-4fa4-a0b1-c7346d11073b","Test User e27a5d99","1990-01-01","2026-01-08 23:43:00.481059+00","2026-01-08 23:43:00.481059+00",,,"Test","Usere27a5d99","masculino","brasileira",
"62ff2f07-17b1-469c-8a87-eca10e716bbc","Test.Modal.1767749752","2026-01-07","2026-01-07 01:35:54.263035+00","2026-01-07 02:15:07.68678+00","2026-01-07 02:15:07.68678+00","reset_to_production","Test.Modal.1767749752","","feminino","brasileira",
"648f9f6f-cca4-4558-a0cb-62a4d2c75738","Coach de Teste",,"2026-01-01 01:39:21.672615+00","2026-01-01 01:39:37.615542+00","2025-12-31 22:39:39.702199+00","E2E Test cleanup","Coach","de Teste","masculino","brasileira",
"65d3e93a-8e0c-434b-8b2e-62c05811bb4a","Pendente.Teste.221120","2026-01-07","2026-01-07 01:11:22.184832+00","2026-01-07 02:15:07.68678+00","2026-01-07 02:15:07.68678+00","reset_to_production","Pendente.Teste.221120","","feminino","brasileira",
"65f6bdc6-a634-43db-b6f7-45d9483e5b5b","Test User 0938c8b7","1990-01-01","2026-01-08 21:19:04.541855+00","2026-01-08 21:19:04.541855+00",,,"Test","User0938c8b7","masculino","brasileira",
"670fb61a-ff9e-480d-bb8a-d6cd53ee9c98","E2E_Invite_1768016242312_H96Xdt","2026-01-10","2026-01-10 03:37:23.084733+00","2026-01-10 03:37:23.084733+00",,,"E2E_Invite_1768016242312_H96Xdt","","feminino","brasileira",
"69ede165-2b34-44bc-8a2b-86e657502f04","Test User b9bc4f8a","1990-01-01","2026-01-08 23:25:28.367796+00","2026-01-08 23:25:28.367796+00",,,"Test","Userb9bc4f8a","masculino","brasileira",
"6b2d5f78-44e2-4128-a6ae-b94e1a774f04","Test User fdeb7934","1990-01-01","2026-01-08 22:21:32.655508+00","2026-01-08 22:21:32.655508+00",,,"Test","Userfdeb7934","masculino","brasileira",
"6bc069a3-031f-4f5a-85f8-158e65979cc4","Test User 3f62d6a6","1990-01-01","2026-01-08 21:12:40.386043+00","2026-01-08 21:12:40.386043+00",,,"Test","User3f62d6a6","masculino","brasileira",
"6bf5584d-ca6c-4826-9b0a-f81b6686057b","Test User 2e05f444","1990-01-01","2026-01-08 22:45:43.205314+00","2026-01-08 22:45:43.205314+00",,,"Test","User2e05f444","masculino","brasileira",
"6c105d28-4234-4ab1-a9e7-6d41dab2bb92","Test User 5dbbc3c0","1990-01-01","2026-01-08 19:57:33.524843+00","2026-01-08 19:57:33.524843+00",,,"Test","User5dbbc3c0","masculino","brasileira",
"6c385520-d4b3-4faf-a28b-75bba966f2cb","Test User 84a4ee53","1990-01-01","2026-01-08 23:13:14.342349+00","2026-01-08 23:13:14.342349+00",,,"Test","User84a4ee53","masculino","brasileira",
"6d066ce3-9f02-4fcc-84b4-0f32fdd6d550","Test User bfa796d6","1990-01-01","2026-01-08 22:45:58.124249+00","2026-01-08 22:45:58.124249+00",,,"Test","Userbfa796d6","masculino","brasileira",
"6d8201e8-8e50-48e5-adfa-3ec58984df5d","Test User 8812de09","1990-01-01","2026-01-08 23:42:55.397721+00","2026-01-08 23:42:55.397721+00",,,"Test","User8812de09","masculino","brasileira",
"6f35b6a0-0a23-4aab-aaee-c88fcf176084","Coach de Teste",,"2026-01-01 01:44:33.372208+00","2026-01-01 01:45:13.315689+00","2025-12-31 22:45:15.406974+00","E2E Test cleanup","Coach","de Teste","masculino","brasileira",
"71b9a315-e89b-46d3-9a00-23df240b3053","Test User 4dfe85c0","1990-01-01","2026-01-08 23:25:21.551873+00","2026-01-08 23:25:21.551873+00",,,"Test","User4dfe85c0","masculino","brasileira",
"722024bb-6f7f-47b1-9991-d7d2588ae71a","Coordenador Smoke",,"2026-01-01 02:49:21.548303+00","2026-01-07 02:15:07.68678+00","2026-01-07 02:15:07.68678+00","reset_to_production","Coordenador","Smoke","masculino","brasileira",
"72766ff0-7b56-4215-a6e2-cae47d5dd1e2","Test User a15e647e","1990-01-01","2026-01-08 21:31:35.749817+00","2026-01-08 21:31:35.749817+00",,,"Test","Usera15e647e","masculino","brasileira",
"728eb4f4-7ada-424d-acf4-619a6a6f831b","Test User 12008d55","1990-01-01","2026-01-08 22:34:13.911613+00","2026-01-08 22:34:13.911613+00",,,"Test","User12008d55","masculino","brasileira",
"729608a8-f2ef-40e8-9951-902098c26af2","Test User 582bad2a","1990-01-01","2026-01-08 22:06:06.334995+00","2026-01-08 22:06:06.334995+00",,,"Test","User582bad2a","masculino","brasileira",
"72fca564-11c1-467e-86c8-f6973ad4d8d5","Test User d60f6ad1","1990-01-01","2026-01-08 19:57:31.220922+00","2026-01-08 19:57:31.220922+00",,,"Test","Userd60f6ad1","masculino","brasileira",
"7342eae5-ab88-4908-b523-bb52e726cd41","Test User f02ca5b9","1990-01-01","2026-01-08 21:23:30.307905+00","2026-01-08 21:23:30.307905+00",,,"Test","Userf02ca5b9","masculino","brasileira",
"74549359-19a0-4f76-801e-6aa0f7d61d43","Atleta Smoke","2005-01-01","2026-01-01 02:51:26.094056+00","2026-01-07 02:15:07.68678+00","2026-01-07 02:15:07.68678+00","reset_to_production","Atleta","Smoke","feminino","brasileira",
"75a9748b-00d3-4bff-965a-11777e2e95ea","Test User 7c7c4388","1990-01-01","2026-01-08 21:08:13.369801+00","2026-01-08 21:08:13.369801+00",,,"Test","User7c7c4388","masculino","brasileira",
"76583c94-68c3-4230-bd56-a4e696cf509d","Test User cd7626bc","1990-01-01","2026-01-08 20:17:00.57862+00","2026-01-08 20:17:00.57862+00",,,"Test","Usercd7626bc","masculino","brasileira",
"7788b0c9-d517-4319-89a7-e0c2fe6b6789","Remove.1767959517173","2026-01-09","2026-01-09 11:52:00.37614+00","2026-01-09 11:52:00.37614+00",,,"Remove.1767959517173","","feminino","brasileira",
"77a9d8ce-436c-4477-aa14-5ec4f4e2de5f","Test User 6abf74d8","1990-01-01","2026-01-08 22:00:03.724006+00","2026-01-08 22:00:03.724006+00",,,"Test","User6abf74d8","masculino","brasileira",
"7821acbb-e835-428d-9279-58db5d13400e","Test User 1e34adf7","1990-01-01","2026-01-08 22:11:11.016998+00","2026-01-08 22:11:11.016998+00",,,"Test","User1e34adf7","masculino","brasileira",
"78dc3324-9c18-407b-951e-2c336166ecfc","Test User cc880899","1990-01-01","2026-01-08 21:27:06.340116+00","2026-01-08 21:27:06.340116+00",,,"Test","Usercc880899","masculino","brasileira",
"79369083-b1d1-4c7c-bc26-5fc6ed38f438","Test User db70dcaa","1990-01-01","2026-01-08 19:59:08.940881+00","2026-01-08 19:59:08.940881+00",,,"Test","Userdb70dcaa","masculino","brasileira",
"796ccc7c-6591-458d-90d2-bd70e03c6c4b","Test User b711fa64","1990-01-01","2026-01-08 21:30:56.78977+00","2026-01-08 21:30:56.78977+00",,,"Test","Userb711fa64","masculino","brasileira",
"7a747007-bbc3-4e9c-9eda-f71746b69fa0","E2E_Invite_1768016556692_Jrzi52","2026-01-10","2026-01-10 03:42:37.264536+00","2026-01-10 03:42:37.264536+00",,,"E2E_Invite_1768016556692_Jrzi52","","feminino","brasileira",
"7aad62ac-3426-40bc-931b-8a9d18dbedbc","E2E_Invite_1768017190647_Wav98F","2026-01-10","2026-01-10 03:53:11.30254+00","2026-01-10 03:53:11.30254+00",,,"E2E_Invite_1768017190647_Wav98F","","feminino","brasileira",
"7b2992ce-b378-4f13-9d85-efe7f4e67167","Test User c3fbed5e","1990-01-01","2026-01-08 21:18:37.854872+00","2026-01-08 21:18:37.854872+00",,,"Test","Userc3fbed5e","masculino","brasileira",
"7ba27357-10d5-4679-aec3-07420a9dcf90","Test User 2cae7067","1990-01-01","2026-01-08 21:31:23.541849+00","2026-01-08 21:31:23.541849+00",,,"Test","User2cae7067","masculino","brasileira",
"7cf98767-68ec-452b-bb57-0b763331a908","Test User 0904355c","1990-01-01","2026-01-08 20:16:22.72609+00","2026-01-08 20:16:22.72609+00",,,"Test","User0904355c","masculino","brasileira",
"7dd70ef4-dbe2-4d00-9ac6-80bd71c97d5d","Test User 9b21f538","1990-01-01","2026-01-08 23:42:38.153881+00","2026-01-08 23:42:38.153881+00",,,"Test","User9b21f538","masculino","brasileira",
"7e0a1ab4-3c12-427b-ad93-8b3987ffd6d7","Test User dcca5154","1990-01-01","2026-01-08 19:59:12.256784+00","2026-01-08 19:59:12.256784+00",,,"Test","Userdcca5154","masculino","brasileira",
"7ed622a6-0032-45b7-ab63-a285000ff2a4","Test User 5032524d","1990-01-01","2026-01-08 22:05:59.791159+00","2026-01-08 22:05:59.791159+00",,,"Test","User5032524d","masculino","brasileira",
"7f5e779c-b39a-4714-8998-194b44ea0186","Test User ae682d00","1990-01-01","2026-01-08 21:18:49.92223+00","2026-01-08 21:18:49.92223+00",,,"Test","Userae682d00","masculino","brasileira",
"7fd625cf-7605-449b-a1b2-fb0d0390960e","Test User 49ec2b00","1990-01-01","2026-01-08 21:18:27.092212+00","2026-01-08 21:18:27.092212+00",,,"Test","User49ec2b00","masculino","brasileira",
"7fe87bf4-ef67-4cf5-b754-cad352e5c457","Test User a15bb295","1990-01-01","2026-01-08 21:18:30.564316+00","2026-01-08 21:18:30.564316+00",,,"Test","Usera15bb295","masculino","brasileira",
"802c0f73-3fa0-41fd-a4d2-b6c8d943b4e4","Test User a0c072e8","1990-01-01","2026-01-08 19:59:33.772777+00","2026-01-08 19:59:33.772777+00",,,"Test","Usera0c072e8","masculino","brasileira",
"80c899c5-e399-4253-bd70-df36f78b0610","Test User fb745932","1990-01-01","2026-01-08 23:25:07.559858+00","2026-01-08 23:25:07.559858+00",,,"Test","Userfb745932","masculino","brasileira",
"81501762-469c-4a7d-bb0a-3fea96f65ab6","Test User f4d59983","1990-01-01","2026-01-08 19:57:13.928984+00","2026-01-08 19:57:13.928984+00",,,"Test","Userf4d59983","masculino","brasileira",
"8199bb4a-85be-49bc-a3db-6c1903caa9f8","Test User f7eef2d1","1990-01-01","2026-01-08 22:46:00.465399+00","2026-01-08 22:46:00.465399+00",,,"Test","Userf7eef2d1","masculino","brasileira",
"81f19f38-7bbf-481f-bd91-649006a5f0a4","Test User 314c2a2b","1990-01-01","2026-01-08 21:27:15.875876+00","2026-01-08 21:27:15.875876+00",,,"Test","User314c2a2b","masculino","brasileira",
"82be2118-98bb-4a92-8438-d5db20740e8d","Pendente.Teste.221436","2026-01-07","2026-01-07 01:14:37.842497+00","2026-01-07 02:15:07.68678+00","2026-01-07 02:15:07.68678+00","reset_to_production","Pendente.Teste.221436","","feminino","brasileira",
"82fda338-e8a5-4366-989e-dc6286d5c899","Test User 83a67b4d","1990-01-01","2026-01-08 21:22:23.49028+00","2026-01-08 21:22:23.49028+00",,,"Test","User83a67b4d","masculino","brasileira",
"8380fad2-a62d-4381-b4c1-3beb9c118ccc","Test User fb1a2734","1990-01-01","2026-01-08 21:27:27.308059+00","2026-01-08 21:27:27.308059+00",,,"Test","Userfb1a2734","masculino","brasileira",
"83cb3a7b-47ee-468a-a525-1071b0e4a58a","Test User 26c9866f","1990-01-01","2026-01-08 23:24:55.722293+00","2026-01-08 23:24:55.722293+00",,,"Test","User26c9866f","masculino","brasileira",
"83d6e2dd-6e0c-4249-9a12-9057bd56b23d","Test User cbf4f712","1990-01-01","2026-01-08 22:20:54.884336+00","2026-01-08 22:20:54.884336+00",,,"Test","Usercbf4f712","masculino","brasileira",
"84e0aed4-0109-42ae-beb5-276ac6762edb","Test User c6041f84","1990-01-01","2026-01-08 21:12:43.573868+00","2026-01-08 21:12:43.573868+00",,,"Test","Userc6041f84","masculino","brasileira",
"85a640d0-1fc8-489a-9e7e-01cfc5b0d46d","Coordenador Teste","1990-01-15","2026-01-01 13:01:17.944426+00","2026-01-07 02:15:07.68678+00","2026-01-07 02:15:07.68678+00","reset_to_production","Coordenador","Teste","masculino","brasileira",
"85db061a-d5eb-4ed5-8beb-c4a3ae452fca","Test User 8bba1843","1990-01-01","2026-01-08 20:16:33.476546+00","2026-01-08 20:16:33.476546+00",,,"Test","User8bba1843","masculino","brasileira",
"86026557-aa61-4342-8283-2a72a61f1921","Test User 65d559e4","1990-01-01","2026-01-08 21:32:20.162778+00","2026-01-08 21:32:20.162778+00",,,"Test","User65d559e4","masculino","brasileira",
"86157168-3a73-4ba3-b107-d460eeb7fc99","E2E_Invite_1768017087420_Bdvg2Q","2026-01-10","2026-01-10 03:51:28.392576+00","2026-01-10 03:51:28.392576+00",,,"E2E_Invite_1768017087420_Bdvg2Q","","feminino","brasileira",
"867d3d96-307f-4293-9a7b-4b9df2565efe","Test User e0eb6725","1990-01-01","2026-01-08 22:34:20.779825+00","2026-01-08 22:34:20.779825+00",,,"Test","Usere0eb6725","masculino","brasileira",
"879f4659-3ccb-4083-a1b8-0277a3291a9e","Test User 1c4d3046","1990-01-01","2026-01-08 21:27:39.787908+00","2026-01-08 21:27:39.787908+00",,,"Test","User1c4d3046","masculino","brasileira",
"885df07a-d660-4eea-b310-2c651d6749c8","Test User 974e1b16","1990-01-01","2026-01-08 21:30:09.407303+00","2026-01-08 21:30:09.407303+00",,,"Test","User974e1b16","masculino","brasileira",
"88e429f0-0806-481a-b0b6-f79fbed14d62","Test User 3ccc1264","1990-01-01","2026-01-08 21:23:27.024029+00","2026-01-08 21:23:27.024029+00",,,"Test","User3ccc1264","masculino","brasileira",
"89154eee-dbbd-457f-9230-4ae9bfdc05f3","Test User 66f48386","1990-01-01","2026-01-08 19:57:26.596935+00","2026-01-08 19:57:26.596935+00",,,"Test","User66f48386","masculino","brasileira",
"8a29fcb1-8e2b-46ff-a1c7-c58f9cf7a4d5","Test User 3532ae9f","1990-01-01","2026-01-08 20:50:50.958042+00","2026-01-08 20:50:50.958042+00",,,"Test","User3532ae9f","masculino","brasileira",
"8a57ce12-5d11-4dd3-ab6c-8f909d033d2e","Test User 90b3e46b","1990-01-01","2026-01-08 23:53:22.577054+00","2026-01-08 23:53:22.577054+00",,,"Test","User90b3e46b","masculino","brasileira",
"8a5b7f0b-ccde-46b2-b9ae-6a4e159b29c6","Test User 1b49b60e","1990-01-01","2026-01-08 20:54:05.55875+00","2026-01-08 20:54:05.55875+00",,,"Test","User1b49b60e","masculino","brasileira",
"8b3af00a-64ce-4a4c-b719-bd02ea7b3d78","Test User b79020f2","1990-01-01","2026-01-08 19:56:59.392923+00","2026-01-08 19:56:59.392923+00",,,"Test","Userb79020f2","masculino","brasileira",
"8b8a728e-353b-490f-a886-3eed0fee1d80","E2E_Invite_1768017420390_Nhvgzs","2026-01-10","2026-01-10 03:57:00.976621+00","2026-01-10 03:57:00.976621+00",,,"E2E_Invite_1768017420390_Nhvgzs","","feminino","brasileira",
"8beb3c48-9882-4057-9019-562740e76e11","Test User 1a9f4e52","1990-01-01","2026-01-08 20:51:19.937316+00","2026-01-08 20:51:19.937316+00",,,"Test","User1a9f4e52","masculino","brasileira",
"8c0cb7a5-fee3-4a1b-a14b-be5142f3d32d","Test User 95b6dbf8","1990-01-01","2026-01-08 23:53:06.841606+00","2026-01-08 23:53:06.841606+00",,,"Test","User95b6dbf8","masculino","brasileira",
"8c636fbb-2b22-4c65-a4b8-098537153d6c","Super Administrador","1990-01-01","2025-12-28 08:03:42.426497+00","2025-12-30 05:35:07.369465+00",,,"Super","Administrador",,"brasileira",
"8e52d827-c1c0-41b3-8435-e5ef4df0e287","Test User 51e8bac4","1990-01-01","2026-01-08 20:51:07.677497+00","2026-01-08 20:51:07.677497+00",,,"Test","User51e8bac4","masculino","brasileira",
"8f4f3336-5d0f-455a-a384-d80240a15a86","Test User dfdd4800","1990-01-01","2026-01-08 22:21:10.707515+00","2026-01-08 22:21:10.707515+00",,,"Test","Userdfdd4800","masculino","brasileira",
"8f986871-23d4-4aef-b8a7-115b6eb36d04","Test User 726db493","1990-01-01","2026-01-08 23:53:12.881713+00","2026-01-08 23:53:12.881713+00",,,"Test","User726db493","masculino","brasileira",
"91304ea6-52b3-4e8c-88a0-0123f9d4996f","Test User 08dfa06f","1990-01-01","2026-01-08 21:32:16.690711+00","2026-01-08 21:32:16.690711+00",,,"Test","User08dfa06f","masculino","brasileira",
"91654e36-4a0a-4ee2-b135-f4c9e14c45f1","Test User 70e0f477","1990-01-01","2026-01-08 21:59:55.50368+00","2026-01-08 21:59:55.50368+00",,,"Test","User70e0f477","masculino","brasileira",
"91891e2d-73b7-4e22-8201-ff775baa135b","Test User 0b27ea32","1990-01-01","2026-01-08 19:59:38.640694+00","2026-01-08 19:59:38.640694+00",,,"Test","User0b27ea32","masculino","brasileira",
"9198821c-37e3-48ca-a552-5b0cdaf5b411","Hand.Tv.Rj",,"2026-01-06 14:15:38.989927+00","2026-01-07 02:15:07.68678+00","2026-01-07 02:15:07.68678+00","reset_to_production","Hand.Tv.Rj","",,"brasileira",
"91fcae4b-60c9-4c28-b121-c2e852985dc9","Test User 1822ca29","1990-01-01","2026-01-08 22:45:46.513577+00","2026-01-08 22:45:46.513577+00",,,"Test","User1822ca29","masculino","brasileira",
"92150bc4-a3f9-4e70-84c6-b19a45d6702d","Test User 76e90df2","1990-01-01","2026-01-08 23:25:09.942475+00","2026-01-08 23:25:09.942475+00",,,"Test","User76e90df2","masculino","brasileira",
"921fe447-5730-47bb-b071-c518b1d75ad0","E2E_Invite_1768017363790_Ym9Rh","2026-01-10","2026-01-10 03:56:04.477274+00","2026-01-10 03:56:04.477274+00",,,"E2E_Invite_1768017363790_Ym9Rh","","feminino","brasileira",
"93bbc9f7-1d7a-42c3-a382-718e924cd183","Test User 7953f91f","1990-01-01","2026-01-08 22:21:30.179639+00","2026-01-08 22:21:30.179639+00",,,"Test","User7953f91f","masculino","brasileira",
"942290cc-2c3e-428c-8b01-89e29f302d6c","Test User 66ad6825","1990-01-01","2026-01-08 22:46:20.51732+00","2026-01-08 22:46:20.51732+00",,,"Test","User66ad6825","masculino","brasileira",
"94872ddd-2834-45ab-a8ef-15bc4a925209","Test User 12a8f5ed","1990-01-01","2026-01-08 20:53:29.763751+00","2026-01-08 20:53:29.763751+00",,,"Test","User12a8f5ed","masculino","brasileira",
"957deab5-dd1d-4823-9d47-1f89869dd38a","Test User 35dc4ae7","1990-01-01","2026-01-08 22:34:28.499339+00","2026-01-08 22:34:28.499339+00",,,"Test","User35dc4ae7","masculino","brasileira",
"95868287-78eb-4fd7-a9ec-ec1a2ea42e6f","Atleta Dev","2010-01-01","2025-12-31 21:36:34.58+00","2026-01-07 02:15:07.68678+00","2026-01-07 02:15:07.68678+00","reset_to_production","Atleta","Dev","feminino","brasileira",
"958af221-6e33-4b32-a000-ccec18d4ac0c","Test User d3049338","1990-01-01","2026-01-08 21:30:20.05943+00","2026-01-08 21:30:20.05943+00",,,"Test","Userd3049338","masculino","brasileira",
"971ab15c-19aa-455a-9a85-21381e8aa66b","E2E.Test.1767939462610","2026-01-09","2026-01-09 06:17:42.808002+00","2026-01-09 06:17:42.808002+00",,,"E2E.Test.1767939462610","","feminino","brasileira",
"9721d1a6-40a9-419a-bfa9-9f1e27269b7e","Test User eb0156b9","1990-01-01","2026-01-08 20:50:41.281357+00","2026-01-08 20:50:41.281357+00",,,"Test","Usereb0156b9","masculino","brasileira",
"976d6662-cfa7-451e-9f30-d91daef82574","Test User f66dbf5a","1990-01-01","2026-01-08 23:42:34.733725+00","2026-01-08 23:42:34.733725+00",,,"Test","Userf66dbf5a","masculino","brasileira",
"98357012-39e9-47ab-844a-ddb92aadff60","Test User 637fe7d9","1990-01-01","2026-01-08 20:51:17.506579+00","2026-01-08 20:51:17.506579+00",,,"Test","User637fe7d9","masculino","brasileira",
"9845d93e-a2bf-427f-b94c-dd3de235726e","Test User a7cf9f0d","1990-01-01","2026-01-08 20:16:45.636535+00","2026-01-08 20:16:45.636535+00",,,"Test","Usera7cf9f0d","masculino","brasileira",
"98a1c4d5-c1ce-455e-9d0b-d4a26723c7d1","Idem7dc780ca Test","1990-01-01","2026-01-03 04:47:52.383106+00","2026-01-07 02:15:07.68678+00","2026-01-07 02:15:07.68678+00","reset_to_production","Idem7dc780ca","Test","feminino","brasileira",
"9b5a3b7c-ba58-4665-8eba-317bf786c62a","Atleta Smoke","2005-01-01","2026-01-01 02:53:27.252298+00","2026-01-07 02:15:07.68678+00","2026-01-07 02:15:07.68678+00","reset_to_production","Atleta","Smoke","feminino","brasileira",
"9c964dd5-e310-4a1f-b658-0c6e09f69f89","Test User 30fa0556","1990-01-01","2026-01-08 21:12:37.139425+00","2026-01-08 21:12:37.139425+00",,,"Test","User30fa0556","masculino","brasileira",
"9d85b425-4c3e-402f-9baa-bba65e49e668","Test User 08d3eb91","1990-01-01","2026-01-08 19:58:59.212979+00","2026-01-08 19:58:59.212979+00",,,"Test","User08d3eb91","masculino","brasileira",
"9dadadb4-02c5-44d5-b24c-0a345b567912","Test User ab7c065d","1990-01-01","2026-01-08 22:06:31.49201+00","2026-01-08 22:06:31.49201+00",,,"Test","Userab7c065d","masculino","brasileira",
"9dd52e02-7c02-4f6f-9665-bb0bd7fc6012","Test User deeb7ee9","1990-01-01","2026-01-08 21:29:46.443413+00","2026-01-08 21:29:46.443413+00",,,"Test","Userdeeb7ee9","masculino","brasileira",
"9e223926-894b-4483-9a9a-a607bd7190ae","E2E_Invite_1768017848005_1Mgcxm","2026-01-10","2026-01-10 04:04:08.643457+00","2026-01-10 04:04:08.643457+00",,,"E2E_Invite_1768017848005_1Mgcxm","","feminino","brasileira",
"9e47816d-3ca8-471e-825e-f2344d6b2b32","Test User 49698c07","1990-01-01","2026-01-08 22:10:53.78498+00","2026-01-08 22:10:53.78498+00",,,"Test","User49698c07","masculino","brasileira",
"9f58876c-0801-44b5-ba65-bae4d2579a8c","Test User 4fe6832e","1990-01-01","2026-01-08 21:31:28.689765+00","2026-01-08 21:31:28.689765+00",,,"Test","User4fe6832e","masculino","brasileira",
"a1dce1f7-15ed-4547-b102-0b658c00344d","Test User d65056aa","1990-01-01","2026-01-08 23:24:58.990202+00","2026-01-08 23:24:58.990202+00",,,"Test","Userd65056aa","masculino","brasileira",
"a20baaa7-e4f5-4278-a8b5-b29f6b34a558","Dirigente Teste","1990-01-15","2026-01-01 13:01:12.993082+00","2026-01-07 02:15:07.68678+00","2026-01-07 02:15:07.68678+00","reset_to_production","Dirigente","Teste","masculino","brasileira",
"a2a79be1-7912-4007-8e20-bd91076f5b2c","Test User 8b0c987b","1990-01-01","2026-01-08 21:32:29.570888+00","2026-01-08 21:32:29.570888+00",,,"Test","User8b0c987b","masculino","brasileira",
"a310d7bc-9250-4921-8bba-2ffe655032ce","Test User 5e364c9d","1990-01-01","2026-01-08 21:18:41.018138+00","2026-01-08 21:18:41.018138+00",,,"Test","User5e364c9d","masculino","brasileira",
"a4612db8-11f1-43a7-89fa-ca2f03517a74","Verify.1767940567491","2026-01-09","2026-01-09 06:36:07.732426+00","2026-01-09 06:36:07.732426+00",,,"Verify.1767940567491","","feminino","brasileira",
"a4f62bf8-1d42-4471-8058-684578ca5705","E2E_Invite_1768015883998_Ahq4Gp","2026-01-10","2026-01-10 03:31:24.650884+00","2026-01-10 03:31:24.650884+00",,,"E2E_Invite_1768015883998_Ahq4Gp","","feminino","brasileira",
"a66cf70a-47cc-4769-b5c7-41eeab2986dd","Test User 7e7468ea","1990-01-01","2026-01-08 22:34:45.763348+00","2026-01-08 22:34:45.763348+00",,,"Test","User7e7468ea","masculino","brasileira",
"a71d3cc0-7f2f-4057-a1ec-7c8e89d6b3da","Test User ddb8143c","1990-01-01","2026-01-08 22:21:27.851601+00","2026-01-08 22:21:27.851601+00",,,"Test","Userddb8143c","masculino","brasileira",
"a8991574-ae73-4288-9479-df2d284fdfbe","Test User 44d25a9a","1990-01-01","2026-01-08 20:54:01.034748+00","2026-01-08 20:54:01.034748+00",,,"Test","User44d25a9a","masculino","brasileira",
"a8c4964d-962e-43b5-b3e7-7b6042bfcfa9","Test User ed60d522","1990-01-01","2026-01-08 22:34:06.799287+00","2026-01-08 22:34:06.799287+00",,,"Test","Usered60d522","masculino","brasileira",
"aacf1c42-d2bc-4f83-bd23-87dfdd285498","Test User df419319","1990-01-01","2026-01-08 19:56:56.900835+00","2026-01-08 19:56:56.900835+00",,,"Test","Userdf419319","masculino","brasileira",
"ab721362-1f97-40af-8451-9a54362d6b37","Test User cc51b6a0","1990-01-01","2026-01-08 21:21:56.937079+00","2026-01-08 21:21:56.937079+00",,,"Test","Usercc51b6a0","masculino","brasileira",
"ac8a218b-846d-40ee-8ede-9014f2fac565","Test User 8d98f83f","1990-01-01","2026-01-08 22:00:01.459693+00","2026-01-08 22:00:01.459693+00",,,"Test","User8d98f83f","masculino","brasileira",
"ae26e207-c932-4b82-8750-8b4499f9ca1e","Test User a44c019a","1990-01-01","2026-01-08 21:13:15.504118+00","2026-01-08 21:13:15.504118+00",,,"Test","Usera44c019a","masculino","brasileira",
"ae2eb460-4058-4f65-a0ec-3059096c6341","Test User 487f1ba3","1990-01-01","2026-01-08 20:17:05.850276+00","2026-01-08 20:17:05.850276+00",,,"Test","User487f1ba3","masculino","brasileira",
"ae8185a9-7f8c-44e1-be37-8598e5bb65e4","Test User 7fca90a3","1990-01-01","2026-01-08 21:27:42.048407+00","2026-01-08 21:27:42.048407+00",,,"Test","User7fca90a3","masculino","brasileira",
"ae99d805-70d8-4b54-8dd7-4af21cdce9ee","Test User bb39733b","1990-01-01","2026-01-08 23:52:38.517576+00","2026-01-08 23:52:38.517576+00",,,"Test","Userbb39733b","masculino","brasileira",
"afdb6d2e-1e6f-4dbe-9584-367026e005a5","Test User abe45dcf","1990-01-01","2026-01-08 22:21:04.679662+00","2026-01-08 22:21:04.679662+00",,,"Test","Userabe45dcf","masculino","brasileira",
"b1311341-ef79-4d1d-94a2-efe23ef71e73","Test User fb96ec19","1990-01-01","2026-01-08 23:24:49.206351+00","2026-01-08 23:24:49.206351+00",,,"Test","Userfb96ec19","masculino","brasileira",
"b2355360-2251-479a-aff9-de29f0127b57","Test User 6173854a","1990-01-01","2026-01-08 22:34:42.395321+00","2026-01-08 22:34:42.395321+00",,,"Test","User6173854a","masculino","brasileira",
"b28937ec-7557-4d5c-a362-1a023a01b973","Test User bf95a73a","1990-01-01","2026-01-08 21:31:15.997802+00","2026-01-08 21:31:15.997802+00",,,"Test","Userbf95a73a","masculino","brasileira",
"b28b5a66-6baa-48b8-a42e-863c143f4e1e","Testeb958c9d0 Diferente","1990-01-01","2026-01-03 04:47:59.878947+00","2026-01-07 02:15:07.68678+00","2026-01-07 02:15:07.68678+00","reset_to_production","Testeb958c9d0","Diferente","masculino","brasileira",
"b2be2a43-e181-44fb-9c83-5a7a3ebb9074","E2E_Invite_1768016189616_0Bo6Ul","2026-01-10","2026-01-10 03:36:30.240244+00","2026-01-10 03:36:30.240244+00",,,"E2E_Invite_1768016189616_0Bo6Ul","","feminino","brasileira",
"b3022536-eb71-4f23-a04c-bc3f5a93eb82","Test User 763630be","1990-01-01","2026-01-08 20:50:47.74925+00","2026-01-08 20:50:47.74925+00",,,"Test","User763630be","masculino","brasileira",
"b366c7ea-2144-4f6a-aa6f-7c6de7bdf19f","E2E.Test.1767940553081","2026-01-09","2026-01-09 06:35:53.299826+00","2026-01-09 06:35:53.299826+00",,,"E2E.Test.1767940553081","","feminino","brasileira",
"b3a325b3-45ea-4fbb-8298-e7d2e63ce7d8","Coach de Teste",,"2026-01-01 01:37:53.412487+00","2026-01-01 01:38:08.680206+00","2025-12-31 22:38:10.768886+00","E2E Test cleanup","Coach","de Teste","masculino","brasileira",
"b3e1967e-d378-4714-bec9-78537b8597d0","Test User a139b0bf","1990-01-01","2026-01-08 20:50:44.505303+00","2026-01-08 20:50:44.505303+00",,,"Test","Usera139b0bf","masculino","brasileira",
"b4b6ef66-ded0-426c-8ded-70ada4dd6e42","Test User d33e9e35","1990-01-01","2026-01-08 20:17:03.554012+00","2026-01-08 20:17:03.554012+00",,,"Test","Userd33e9e35","masculino","brasileira",
"b4ef9929-569a-4a4c-81c6-c49922bc8f38","Test User 8c14eb8b","1990-01-01","2026-01-08 22:34:49.08758+00","2026-01-08 22:34:49.08758+00",,,"Test","User8c14eb8b","masculino","brasileira",
"b64bed72-982f-4dd4-b50e-ed4e34823a23","Test User a06273dd","1990-01-01","2026-01-08 21:08:21.765639+00","2026-01-08 21:08:21.765639+00",,,"Test","Usera06273dd","masculino","brasileira",
"b6612e45-1252-4615-a22a-c3001316e397","Test User 9d356c96","1990-01-01","2026-01-08 21:30:16.860024+00","2026-01-08 21:30:16.860024+00",,,"Test","User9d356c96","masculino","brasileira",
"b6edf2b5-62f2-4203-a356-92ae61faaeef","Test User a78a775a","1990-01-01","2026-01-08 23:52:51.62157+00","2026-01-08 23:52:51.62157+00",,,"Test","Usera78a775a","masculino","brasileira",
"b70249e7-4809-4ad9-878f-244885423227","Testeb958c9d0 Diferente","1990-01-01","2026-01-03 04:48:02.87509+00","2026-01-07 02:15:07.68678+00","2026-01-07 02:15:07.68678+00","reset_to_production","Testeb958c9d0","Diferente","masculino","brasileira",
"b8417c0f-e477-40c5-9430-259f1a799f20","Test User f11cb624","1990-01-01","2026-01-08 21:23:33.510465+00","2026-01-08 21:23:33.510465+00",,,"Test","Userf11cb624","masculino","brasileira",
"bacbf063-2f11-4b19-953e-9230ad5a397a","Test User e109fb58","1990-01-01","2026-01-08 22:06:21.227323+00","2026-01-08 22:06:21.227323+00",,,"Test","Usere109fb58","masculino","brasileira",
"bb4f2271-c01a-473e-b4ae-d0c2ee0497a9","Test User b0a01de5","1990-01-01","2026-01-08 21:24:07.990178+00","2026-01-08 21:24:07.990178+00",,,"Test","Userb0a01de5","masculino","brasileira",
"bc45d69e-502b-4870-a97e-4b03c0a2ea43","Test User 376ce6a6","1990-01-01","2026-01-08 22:34:17.255443+00","2026-01-08 22:34:17.255443+00",,,"Test","User376ce6a6","masculino","brasileira",
"bd817487-ab18-40fe-90f9-952512a8804e","Test User 87309fe3","1990-01-01","2026-01-08 21:23:48.226191+00","2026-01-08 21:23:48.226191+00",,,"Test","User87309fe3","masculino","brasileira",
"be501704-af4a-49b7-b624-935a6cf7a6bc","Coach de Teste",,"2026-01-01 01:36:11.853808+00","2026-01-01 01:36:26.430709+00","2025-12-31 22:36:28.518385+00","E2E Test cleanup","Coach","de Teste","masculino","brasileira",
"c038f5d7-3618-42b6-b07d-dad146f428ae","Test User 93bb7385","1990-01-01","2026-01-08 21:30:24.639246+00","2026-01-08 21:30:24.639246+00",,,"Test","User93bb7385","masculino","brasileira",
"c03a4b89-7b1c-4e30-97fa-9342039fdff5","Test User 9c4b72eb","1990-01-01","2026-01-08 21:13:12.935407+00","2026-01-08 21:13:12.935407+00",,,"Test","User9c4b72eb","masculino","brasileira",
"c11a1448-a2b7-4760-9d54-313f7dcb21c7","Test User b7e3f2d0","1990-01-01","2026-01-08 21:31:06.666227+00","2026-01-08 21:31:06.666227+00",,,"Test","Userb7e3f2d0","masculino","brasileira",
"c313df97-b7c8-427e-8b2e-3fa8c3c3869d","Test User 1a0a2d77","1990-01-01","2026-01-08 21:22:06.238091+00","2026-01-08 21:22:06.238091+00",,,"Test","User1a0a2d77","masculino","brasileira",
"c368703e-b14a-49d4-8901-867f7e9bd6c0","Test User 67822f0e","1990-01-01","2026-01-08 23:13:12.058828+00","2026-01-08 23:13:12.058828+00",,,"Test","User67822f0e","masculino","brasileira",
"c380b9b0-689c-4924-b37e-24503eece6a9","Test User 317b1e63","1990-01-01","2026-01-08 21:23:53.298557+00","2026-01-08 21:23:53.298557+00",,,"Test","User317b1e63","masculino","brasileira",
"c476ca09-a3fe-498a-99b2-5143050678d6","Test User 2b848af1","1990-01-01","2026-01-08 21:08:10.229682+00","2026-01-08 21:08:10.229682+00",,,"Test","User2b848af1","masculino","brasileira",
"c4baca61-a186-4c84-8162-f6b484425153","E2E_Invite_1768017837314_W8Qgpk","2026-01-10","2026-01-10 04:03:58.060886+00","2026-01-10 04:03:58.060886+00",,,"E2E_Invite_1768017837314_W8Qgpk","","feminino","brasileira",
"c51d2123-de60-49ec-9c0c-4e482748f49f","Test User 3d683d0a","1990-01-01","2026-01-08 21:59:45.707639+00","2026-01-08 21:59:45.707639+00",,,"Test","User3d683d0a","masculino","brasileira",
"c54acf92-627c-4de1-b809-106394d2559f","Test User c82f16cf","1990-01-01","2026-01-08 22:00:23.069558+00","2026-01-08 22:00:23.069558+00",,,"Test","Userc82f16cf","masculino","brasileira",
"c5fecbd7-71c2-45f0-9ae3-4db1d630cc49","Test User 4d0be3c3","1990-01-01","2026-01-08 21:29:49.647291+00","2026-01-08 21:29:49.647291+00",,,"Test","User4d0be3c3","masculino","brasileira",
"c7199bc1-ec72-4e25-b1bb-b77fa57e36c6","Test User 5445097f","1990-01-01","2026-01-08 19:57:01.708987+00","2026-01-08 19:57:01.708987+00",,,"Test","User5445097f","masculino","brasileira",
"c7bedc9b-48fe-4fcb-86fb-dc677e1c45ec","Test User 4fde909c","1990-01-01","2026-01-08 21:08:03.713917+00","2026-01-08 21:08:03.713917+00",,,"Test","User4fde909c","masculino","brasileira",
"c7cb82a9-0005-4cbf-b87a-4725e84a0723","PessoaDirigente Teste1767507478","1990-05-15","2026-01-04 06:18:03.072453+00","2026-01-07 02:15:07.68678+00","2026-01-07 02:15:07.68678+00","reset_to_production","PessoaDirigente","Teste1767507478","masculino","brasileira",
"c7dc49fa-dc7f-4841-acdc-c3c3437e23fd","Test User de11db06","1990-01-01","2026-01-08 20:50:54.137653+00","2026-01-08 20:50:54.137653+00",,,"Test","Userde11db06","masculino","brasileira",
"c832d7bb-c13c-4d15-a203-680aef3f382b","Coordenador Smoke",,"2026-01-01 02:53:27.252298+00","2026-01-07 02:15:07.68678+00","2026-01-07 02:15:07.68678+00","reset_to_production","Coordenador","Smoke","masculino","brasileira",
"c883d109-4b48-4c17-93d3-925c9f2ed878","Test User 174dbec8","1990-01-01","2026-01-08 20:53:56.00665+00","2026-01-08 20:53:56.00665+00",,,"Test","User174dbec8","masculino","brasileira",
"c897613f-646e-421b-92d5-78d0650f9a35","Test User 206567e5","1990-01-01","2026-01-08 23:42:44.673733+00","2026-01-08 23:42:44.673733+00",,,"Test","User206567e5","masculino","brasileira",
"cab285b0-c0ec-4110-9b5a-372f07ec1568","Test User 92c6e358","1990-01-01","2026-01-08 21:22:21.125792+00","2026-01-08 21:22:21.125792+00",,,"Test","User92c6e358","masculino","brasileira",
"cb90ba59-2d87-4815-b1ad-b7c4396c915e","Test User 422b9e4c","1990-01-01","2026-01-08 22:21:13.031422+00","2026-01-08 22:21:13.031422+00",,,"Test","User422b9e4c","masculino","brasileira",
"cba2f2d0-8180-445a-93a8-cc6ee78a7851","Test User 5b56962f","1990-01-01","2026-01-08 21:32:31.959+00","2026-01-08 21:32:31.959+00",,,"Test","User5b56962f","masculino","brasileira",
"cc0ec7a8-0f64-4335-b02e-bc01230e041d","Test User 06158e80","1990-01-01","2026-01-08 23:25:32.319793+00","2026-01-08 23:25:32.319793+00",,,"Test","User06158e80","masculino","brasileira",
"cc16c1d3-a903-4b66-970b-e3630172d978","Test User 96f8a2fa","1990-01-01","2026-01-08 20:16:30.236671+00","2026-01-08 20:16:30.236671+00",,,"Test","User96f8a2fa","masculino","brasileira",
"cc22f71f-a512-4894-824c-229ee1b7a761","Test User 6f18ca8a","1990-01-01","2026-01-08 23:53:19.341511+00","2026-01-08 23:53:19.341511+00",,,"Test","User6f18ca8a","masculino","brasileira",
"cc4041fa-fef0-4688-8f7b-5d855723e7bc","Test User 9c6ae213","1990-01-01","2026-01-08 19:59:31.364645+00","2026-01-08 19:59:31.364645+00",,,"Test","User9c6ae213","masculino","brasileira",
"ccaa1662-fbb8-4d38-b86c-c4081d8e9639","Verify.1767939477426","2026-01-09","2026-01-09 06:17:57.647614+00","2026-01-09 06:17:57.647614+00",,,"Verify.1767939477426","","feminino","brasileira",
"ce499217-5ae9-45e1-a133-d5c662ba1c7c","Treinador Teste","1990-01-15","2026-01-01 13:01:23.120447+00","2026-01-07 02:15:07.68678+00","2026-01-07 02:15:07.68678+00","reset_to_production","Treinador","Teste","masculino","brasileira",
"ceaf3ae7-12be-42a4-b600-291bd5f3c2b3","Test User 38399dfc","1990-01-01","2026-01-08 22:46:13.925356+00","2026-01-08 22:46:13.925356+00",,,"Test","User38399dfc","masculino","brasileira",
"cf572a1d-fe27-4d3e-8dce-e6bfa0edf69f","Test User 593232e8","1990-01-01","2026-01-08 21:32:37.154888+00","2026-01-08 21:32:37.154888+00",,,"Test","User593232e8","masculino","brasileira",
"cfc72421-e427-49e6-b29e-c68c76b5559a","Test User 4eac0834","1990-01-01","2026-01-08 22:10:58.925441+00","2026-01-08 22:10:58.925441+00",,,"Test","User4eac0834","masculino","brasileira",
"cffb4576-ebb5-4843-96df-4b634da208e7","Test User 32fbda9c","1990-01-01","2026-01-08 21:08:19.487134+00","2026-01-08 21:08:19.487134+00",,,"Test","User32fbda9c","masculino","brasileira",
"d08b5dcb-1e26-4f7e-96c0-4920a1ba191c","Handebolcesc","2026-01-07","2026-01-07 00:00:31.208428+00","2026-01-07 02:15:07.68678+00","2026-01-07 02:15:07.68678+00","reset_to_production","Handebolcesc","","feminino","brasileira",
"d1334e7f-fa92-4eea-8509-c3c1037f5acb","Test User 5262acc0","1990-01-01","2026-01-08 19:57:28.90093+00","2026-01-08 19:57:28.90093+00",,,"Test","User5262acc0","masculino","brasileira",
"d2b29bb4-9a2c-4d4b-8b40-d3b7d0155513","Test User 38bd6dc3","1990-01-01","2026-01-08 22:34:33.703593+00","2026-01-08 22:34:33.703593+00",,,"Test","User38bd6dc3","masculino","brasileira",
"d2feb8f6-f786-4264-af95-89242d157398","Test User fcaef077","1990-01-01","2026-01-08 21:08:26.974041+00","2026-01-08 21:08:26.974041+00",,,"Test","Userfcaef077","masculino","brasileira",
"d3115ebf-ee49-46b8-a485-00ee15ec2fb3","Test User 1290a91e","1990-01-01","2026-01-08 22:46:17.213426+00","2026-01-08 22:46:17.213426+00",,,"Test","User1290a91e","masculino","brasileira",
"d4007eb7-a04e-4b45-9efb-79a5dd1a088c","Test User c3758ac9","1990-01-01","2026-01-08 21:59:52.119967+00","2026-01-08 21:59:52.119967+00",,,"Test","Userc3758ac9","masculino","brasileira",
"d42a8976-4d9a-4fab-bc39-6c845e54dae7","Coach de Teste",,"2026-01-01 01:41:59.184761+00","2026-01-01 01:42:35.576756+00","2025-12-31 22:42:37.663151+00","E2E Test cleanup","Coach","de Teste","masculino","brasileira",
"d637714b-33ae-4ab6-9fba-d72dc19dc848","E2E_Invite_1768015943349_R6Zqba","2026-01-10","2026-01-10 03:32:23.965062+00","2026-01-10 03:32:23.965062+00",,,"E2E_Invite_1768015943349_R6Zqba","","feminino","brasileira",
"d64f562f-ebd6-4a29-a00e-ba4158b2c901","Test User 6ce39246","1990-01-01","2026-01-08 22:00:18.497312+00","2026-01-08 22:00:18.497312+00",,,"Test","User6ce39246","masculino","brasileira",
"d8119ac4-8a91-4b3a-81b1-2a468c5753da","Test User 118e4771","1990-01-01","2026-01-08 22:11:06.328999+00","2026-01-08 22:11:06.328999+00",,,"Test","User118e4771","masculino","brasileira",
"d852799e-09e7-40bc-bb5a-21fca19fd9e9","Test User 47f7c232","1990-01-01","2026-01-08 22:10:32.048942+00","2026-01-08 22:10:32.048942+00",,,"Test","User47f7c232","masculino","brasileira",
"d85d3941-8b87-46ce-8945-ac18f5766879","Maria Silva Teste","2010-05-15","2025-12-30 23:58:14.642443+00","2026-01-07 02:15:07.68678+00","2026-01-07 02:15:07.68678+00","reset_to_production","Maria","Silva Teste",,"brasileira",
"d8c9025b-6bc2-4f08-b336-f422861c8065","Stats.Test.1767938398834","2026-01-09","2026-01-09 05:59:59.062832+00","2026-01-09 05:59:59.062832+00",,,"Stats.Test.1767938398834","","feminino","brasileira",
"d90831c3-7ddb-4f6a-8f9f-80f0cdac3655","Coordenador Smoke",,"2026-01-01 02:51:56.324902+00","2026-01-07 02:15:07.68678+00","2026-01-07 02:15:07.68678+00","reset_to_production","Coordenador","Smoke","masculino","brasileira",
"da11a782-9397-4ff5-a70c-fe6ff6f201c0","Test User 21acc609","1990-01-01","2026-01-08 22:34:10.203936+00","2026-01-08 22:34:10.203936+00",,,"Test","User21acc609","masculino","brasileira",
"da4408e5-c346-4165-9a3a-97fecea8c29e","Test User b02d894f","1990-01-01","2026-01-08 23:13:03.754357+00","2026-01-08 23:13:03.754357+00",,,"Test","Userb02d894f","masculino","brasileira",
"da9407ce-9012-47ca-9c0b-03003108ea35","Test User f0a43453","1990-01-01","2026-01-08 23:52:57.605553+00","2026-01-08 23:52:57.605553+00",,,"Test","Userf0a43453","masculino","brasileira",
"daab4ff0-cd81-4123-8060-ddb07ab2d287","Test User 0bd80ed3","1990-01-01","2026-01-08 21:19:09.482038+00","2026-01-08 21:19:09.482038+00",,,"Test","User0bd80ed3","masculino","brasileira",
"dbc9ff4c-e635-4c9d-89b5-ada3f1f2570e","Test User f35f5604","1990-01-01","2026-01-08 21:12:55.322366+00","2026-01-08 21:12:55.322366+00",,,"Test","Userf35f5604","masculino","brasileira",
"dbe35514-4e2d-4417-bdfc-afc3cd7c0633","E2E_Invite_1768016496849_9Gv6Ug","2026-01-10","2026-01-10 03:41:37.48914+00","2026-01-10 03:41:37.48914+00",,,"E2E_Invite_1768016496849_9Gv6Ug","","feminino","brasileira",
"dc918a66-3237-423b-849e-78f66a04c39d","Test User 69157041","1990-01-01","2026-01-08 21:27:09.580226+00","2026-01-08 21:27:09.580226+00",,,"Test","User69157041","masculino","brasileira",
"dcb3a55b-2664-4eae-81b8-244d20b255ae","E2E_Invite_1768017955101_Wdg88V","2026-01-10","2026-01-10 04:05:55.976771+00","2026-01-10 04:05:55.976771+00",,,"E2E_Invite_1768017955101_Wdg88V","","feminino","brasileira",
"dd0d2e19-1223-42b3-a5fb-b85ff6b89f98","Test User 40a3a82c","1990-01-01","2026-01-08 21:08:34.546154+00","2026-01-08 21:08:34.546154+00",,,"Test","User40a3a82c","masculino","brasileira",
"de6add41-5cb5-4aab-9007-0424f7736e01","Test User f131bfb6","1990-01-01","2026-01-08 21:19:11.794225+00","2026-01-08 21:19:11.794225+00",,,"Test","Userf131bfb6","masculino","brasileira",
"e033d3e0-7cbe-4639-80cb-794938ca1806","Test User 46bac48b","1990-01-01","2026-01-08 22:45:53.01748+00","2026-01-08 22:45:53.01748+00",,,"Test","User46bac48b","masculino","brasileira",
"e0aecff9-747d-4c9b-86e7-767a68cef38b","Test User d1807aea","1990-01-01","2026-01-08 21:32:49.327227+00","2026-01-08 21:32:49.327227+00",,,"Test","Userd1807aea","masculino","brasileira",
"e1518db5-3866-4fc3-8cc8-ffd0a6a80867","Test User 9df5e19b","1990-01-01","2026-01-08 22:06:26.374217+00","2026-01-08 22:06:26.374217+00",,,"Test","User9df5e19b","masculino","brasileira",
"e169a455-f6e8-41a5-961e-adaace73fd70","Test User 97254971","1990-01-01","2026-01-08 21:13:10.587366+00","2026-01-08 21:13:10.587366+00",,,"Test","User97254971","masculino","brasileira",
"e17ae06c-8589-403c-86f8-d747014f440d","Test User 66c7992f","1990-01-01","2026-01-08 22:34:26.159482+00","2026-01-08 22:34:26.159482+00",,,"Test","User66c7992f","masculino","brasileira",
"e181274b-e5ee-4452-a10a-0ee06c1a11ca","Test User 196edc27","1990-01-01","2026-01-08 21:12:46.862183+00","2026-01-08 21:12:46.862183+00",,,"Test","User196edc27","masculino","brasileira",
"e2dac930-12d2-4d6a-89f8-ac83f2127f92","E2E_Invite_1768016834103_A2Esyh","2026-01-10","2026-01-10 03:47:14.795989+00","2026-01-10 03:47:14.795989+00",,,"E2E_Invite_1768016834103_A2Esyh","","feminino","brasileira",
"e4597f7a-33e8-40e3-8b84-c36857ebbc3c","Test User f6f75c66","1990-01-01","2026-01-08 21:31:09.893975+00","2026-01-08 21:31:09.893975+00",,,"Test","Userf6f75c66","masculino","brasileira",
"e62dad59-dc5f-4d71-bd98-ad0b47d934ac","Test User 3a22d205","1990-01-01","2026-01-08 21:32:51.667339+00","2026-01-08 21:32:51.667339+00",,,"Test","User3a22d205","masculino","brasileira",
"e84d6041-09b1-40b7-b7dc-ab7fbd747c83","Test User f00ab928","1990-01-01","2026-01-08 23:25:25.155979+00","2026-01-08 23:25:25.155979+00",,,"Test","Userf00ab928","masculino","brasileira",
"e85d2a40-b64b-4096-99f2-6fedac29cadd","Test User f6f87dfd","1990-01-01","2026-01-08 21:08:41.80593+00","2026-01-08 21:08:41.80593+00",,,"Test","Userf6f87dfd","masculino","brasileira",
"eaa36151-7b55-41f6-9cd7-5e80e813b236","Test User 04c5bf08","1990-01-01","2026-01-08 19:59:36.168679+00","2026-01-08 19:59:36.168679+00",,,"Test","User04c5bf08","masculino","brasileira",
"eb33a9a3-a1fd-4c2a-a35b-9c9928e5a15f","Test User 0c92b803","1990-01-01","2026-01-08 23:43:17.425055+00","2026-01-08 23:43:17.425055+00",,,"Test","User0c92b803","masculino","brasileira",
"eba79597-8e9f-459f-bc1e-0ea119f740a5","Atleta Smoke","2005-01-01","2026-01-01 02:49:21.548303+00","2026-01-07 02:15:07.68678+00","2026-01-07 02:15:07.68678+00","reset_to_production","Atleta","Smoke","feminino","brasileira",
"ebaf8475-2043-4c7a-93e2-45b3b97de8f9","Test User c26beaeb","1990-01-01","2026-01-08 23:13:24.514199+00","2026-01-08 23:13:24.514199+00",,,"Test","Userc26beaeb","masculino","brasileira",
"ed02e182-9dfe-4928-bad4-2a454046ce21","Test User 9b2df607","1990-01-01","2026-01-08 21:59:48.891684+00","2026-01-08 21:59:48.891684+00",,,"Test","User9b2df607","masculino","brasileira",
"edb2573a-9fd7-4db2-bdc0-ccc9bf8f53e9","Test User cddb31c1","1990-01-01","2026-01-08 22:00:13.87661+00","2026-01-08 22:00:13.87661+00",,,"Test","Usercddb31c1","masculino","brasileira",
"ee300e7c-5efc-42a4-81ea-e513558e0905","Test User 205ce3e3","1990-01-01","2026-01-08 22:45:39.245458+00","2026-01-08 22:45:39.245458+00",,,"Test","User205ce3e3","masculino","brasileira",
"eea873e5-9515-449b-a60b-9a217b2569de","Test User 2d54c84d","1990-01-01","2026-01-08 21:13:08.137784+00","2026-01-08 21:13:08.137784+00",,,"Test","User2d54c84d","masculino","brasileira",
"eebcc83a-3a73-46a3-aa99-6dae3423dfb1","Test User 82f00fa3","1990-01-01","2026-01-08 21:12:52.858494+00","2026-01-08 21:12:52.858494+00",,,"Test","User82f00fa3","masculino","brasileira",
"eed14b74-9b2a-45f5-8f9b-6aa1f23e22cd","Test User b310ccc9","1990-01-01","2026-01-08 21:08:00.360484+00","2026-01-08 21:08:00.360484+00",,,"Test","Userb310ccc9","masculino","brasileira",
"eed909dc-f6a4-452b-b99e-d3ee685d829a","Test User d9d4ea26","1990-01-01","2026-01-08 21:32:42.294984+00","2026-01-08 21:32:42.294984+00",,,"Test","Userd9d4ea26","masculino","brasileira",
"eef00d37-bb52-436b-88fb-be30e8fc2d1e","Test User 233cea8c","1990-01-01","2026-01-08 21:24:00.862163+00","2026-01-08 21:24:00.862163+00",,,"Test","User233cea8c","masculino","brasileira",
"ef97c0ec-1cf7-4662-9d06-e92ccc0299ea","Test User affff40b","1990-01-01","2026-01-08 20:51:22.335158+00","2026-01-08 20:51:22.335158+00",,,"Test","Useraffff40b","masculino","brasileira",
"f02e6fc0-ee34-4291-aa0d-049bc3dac67c","Test User a0cfbf7c","1990-01-01","2026-01-08 20:53:33.039549+00","2026-01-08 20:53:33.039549+00",,,"Test","Usera0cfbf7c","masculino","brasileira",
"f120a958-9ca0-43af-90a9-c43dd5343551","Test User 3acb5769","1990-01-01","2026-01-08 21:30:14.596209+00","2026-01-08 21:30:14.596209+00",,,"Test","User3acb5769","masculino","brasileira",
"f305b2a7-a211-42da-a3aa-58371d8a691b","Test User 5f3c168b","1990-01-01","2026-01-08 20:16:58.310073+00","2026-01-08 20:16:58.310073+00",,,"Test","User5f3c168b","masculino","brasileira",
"f5e5ba4e-a3e5-479c-99be-972f527c46c5","Test User 49ad3f96","1990-01-01","2026-01-08 23:25:35.927812+00","2026-01-08 23:25:35.927812+00",,,"Test","User49ad3f96","masculino","brasileira",
"f6110fc0-786f-459f-9691-e82194a49d81","E2E_Invite_1768017132431_Zlaxg5","2026-01-10","2026-01-10 03:52:13.052243+00","2026-01-10 03:52:13.052243+00",,,"E2E_Invite_1768017132431_Zlaxg5","","feminino","brasileira",
"f616557e-d581-4a7f-a47a-95ded5a7a1db","Test User 4cb3ad57","1990-01-01","2026-01-08 20:51:00.225737+00","2026-01-08 20:51:00.225737+00",,,"Test","User4cb3ad57","masculino","brasileira",
"f62d5ca7-1ec6-4940-8d72-51bfae0b8078","Test User 045f97d0","1990-01-01","2026-01-08 23:53:00.809525+00","2026-01-08 23:53:00.809525+00",,,"Test","User045f97d0","masculino","brasileira",
"f63b1227-40b2-4ee8-ac19-9e1e5f4622e0","Test User 954bebe1","1990-01-01","2026-01-08 23:42:41.421767+00","2026-01-08 23:42:41.421767+00",,,"Test","User954bebe1","masculino","brasileira",
"f775eb1c-66af-4010-8c87-c966978b90b6","Test User 043d7913","1990-01-01","2026-01-08 23:13:06.958237+00","2026-01-08 23:13:06.958237+00",,,"Test","User043d7913","masculino","brasileira",
"f7a421c1-6f24-4889-ac09-f2e06f80c0f7","Test User 9a48d98b","1990-01-01","2026-01-08 21:27:37.471858+00","2026-01-08 21:27:37.471858+00",,,"Test","User9a48d98b","masculino","brasileira",
"f7c5ee05-9504-4f66-bd23-2dc6ce43954f","Test User b7221044","1990-01-01","2026-01-08 21:08:06.87773+00","2026-01-08 21:08:06.87773+00",,,"Test","Userb7221044","masculino","brasileira",
"f855ab71-7e9e-4f4d-a14a-71fbcf487fa6","DAVI NASCIMENTO","1987-07-28","2026-01-02 06:42:33.403333+00","2026-01-07 02:15:07.68678+00","2026-01-07 02:15:07.68678+00","reset_to_production","DAVI","NASCIMENTO","masculino","Brasil",""
"f8e269b2-28d6-42e2-b511-e1478d917535","Test User a4b4246d","1990-01-01","2026-01-08 23:25:02.350258+00","2026-01-08 23:25:02.350258+00",,,"Test","Usera4b4246d","masculino","brasileira",
"f9743cda-2e9c-4ec2-af64-c558f5296705","Test User 0e56fd18","1990-01-01","2026-01-08 21:32:46.962947+00","2026-01-08 21:32:46.962947+00",,,"Test","User0e56fd18","masculino","brasileira",
"f9869292-bb15-408b-9282-0fb91d2fb8f1","Test User 78cd70b1","1990-01-01","2026-01-08 20:51:15.149382+00","2026-01-08 20:51:15.149382+00",,,"Test","User78cd70b1","masculino","brasileira",
"fa333b9c-dc4a-41e4-8b47-7ff957575a05","Test User dff73d92","1990-01-01","2026-01-08 19:59:02.512779+00","2026-01-08 19:59:02.512779+00",,,"Test","Userdff73d92","masculino","brasileira",
"fa6247e8-278b-4a7c-8a84-38a833385bc5","Teste Atleta Backend","2010-01-15","2025-12-31 00:07:39.541193+00","2026-01-07 02:15:07.68678+00","2026-01-07 02:15:07.68678+00","reset_to_production","Teste","Atleta Backend",,"brasileira",
"fae1db39-26da-43d6-a2ce-d4cf04fda48a","Test User da545c21","1990-01-01","2026-01-08 20:53:48.523136+00","2026-01-08 20:53:48.523136+00",,,"Test","Userda545c21","masculino","brasileira",
"fafad3bd-86ff-483e-a66f-e25607d1dc86","Test User 45099584","1990-01-01","2026-01-08 21:31:00.0459+00","2026-01-08 21:31:00.0459+00",,,"Test","User45099584","masculino","brasileira",
"fb0aeaa2-1551-44cd-a9bd-bdecfb09db91","Test User 5dfd43c8","1990-01-01","2026-01-08 23:53:25.914028+00","2026-01-08 23:53:25.914028+00",,,"Test","User5dfd43c8","masculino","brasileira",
"fbb24c43-b221-48ad-9e16-686d65c08e10","Test User fc89b9f6","1990-01-01","2026-01-08 21:32:44.611136+00","2026-01-08 21:32:44.611136+00",,,"Test","Userfc89b9f6","masculino","brasileira",
"fc358e60-e301-45cc-847c-47a0399f6eaa","Test User ea9a64c5","1990-01-01","2026-01-08 21:31:33.361702+00","2026-01-08 21:31:33.361702+00",,,"Test","Userea9a64c5","masculino","brasileira",
"fc572e06-4d19-4b32-8540-9010208f9b2a","Test User 81ca0b15","1990-01-01","2026-01-08 23:52:41.862065+00","2026-01-08 23:52:41.862065+00",,,"Test","User81ca0b15","masculino","brasileira",
"fd0ade44-5a48-45fb-8ba4-4dd308ab0cf0","Test User 1dbd0d2c","1990-01-01","2026-01-08 23:52:48.397543+00","2026-01-08 23:52:48.397543+00",,,"Test","User1dbd0d2c","masculino","brasileira",
"fdfc7315-685f-48da-a076-9de98fcd5235","Test User 322a67d7","1990-01-01","2026-01-08 21:32:10.170461+00","2026-01-08 21:32:10.170461+00",,,"Test","User322a67d7","masculino","brasileira",
"ff06bc6c-c8d4-4ff8-b62a-86c6581b29d1","Test User d0443501","1990-01-01","2026-01-08 22:20:51.608278+00","2026-01-08 22:20:51.608278+00",,,"Test","Userd0443501","masculino","brasileira",
"ff5d4d78-ff71-48b5-b2f8-100c2340bfce","E2E_Invite_1768016135348_Incbfk","2026-01-10","2026-01-10 03:35:35.953555+00","2026-01-10 03:35:35.953555+00",,,"E2E_Invite_1768016135348_Incbfk","","feminino","brasileira",
"ff5e7fc7-415a-4b00-9cca-1cf767c16735","Pendente.Teste.221241","2026-01-07","2026-01-07 01:12:48.116735+00","2026-01-07 02:15:07.68678+00","2026-01-07 02:15:07.68678+00","reset_to_production","Pendente.Teste.221241","","feminino","brasileira",